Date,AUD,CAD,FRF,DEM,ITL,JPY,NZD,NOK,SEK,CHF,USD,GBP,EUR
1960-01-31,,15.4627,9.7357585,23.4274431,3.8528708,18.1,,8.2647616,27.7627,24.111713,29.3,12.3376303,
1960-02-29,,15.4627,9.7650154,23.3280445,3.8461876,18.1,,8.2647616,27.782,24.2316055,29.4,12.3376303,
1960-03-31,7.4630031,15.3786,9.7650154,23.3280445,3.8395043,18.1,45.0281047,8.2906471,27.768,24.2316055,29.4,12.3151779,
1960-04-30,7.5889494,15.4627,9.7795657,23.4274431,3.8361627,18.1,45.0281047,8.2906471,27.7505,24.2715697,29.5,12.3825353,
1960-05-31,7.5889494,15.4627,9.7503869,23.5766708,3.8428459,18.3,45.0281047,8.2647616,27.8205,24.3781407,29.5,12.3825353,
1960-06-30,7.5889494,15.4627,9.7503869,23.5269282,3.8428459,18.2,45.0281047,8.2906471,27.9151,24.4047836,29.6,12.4498927,
1960-07-31,7.6204499,15.4627,9.7795657,23.5766708,3.859554,18.2,45.3942346,8.2906471,27.8976,24.4713905,29.6,12.4723451,
1960-08-31,7.6204499,15.4627,9.8671801,23.4772721,3.8662372,18.3,45.3942346,8.2647616,27.8555,24.524676,29.6,12.3937615,
1960-09-30,7.6204499,15.5467,9.8817304,23.4274431,3.8628955,18.5,45.3942346,8.2647616,27.8766,24.591283,29.6,12.4049877,
1960-10-31,7.675548,15.7148,9.910909,23.4772721,3.8628955,18.6,45.7602829,8.2906471,27.8748,24.6312472,29.8,12.5060238,
1960-11-30,7.675548,15.7148,9.940166,23.6264998,3.8796036,18.3,45.7602829,8.2647616,27.9869,24.6312472,29.8,12.562155,
1960-12-31,7.675548,15.7148,9.9547163,23.6264998,3.8862868,18.5,45.7602829,8.3165326,28.0604,24.6046043,29.8,12.5958337,
1961-01-31,7.6992012,15.7148,9.9693448,23.7756409,3.9029949,18.7,45.7602829,8.3165326,28.155,24.5379974,29.8,12.6070599,
1961-02-28,7.6992012,15.7148,9.9693448,23.7756409,3.9029949,18.8,45.7602829,8.3165326,28.2338,24.5513188,29.8,12.6070599,
1961-03-31,7.6992012,15.7148,9.9693448,23.8253835,3.9063364,18.8,45.7602829,8.3424896,28.3441,24.5513188,29.8,12.6519649,
1961-04-30,7.7542992,15.7148,9.9547163,23.8253835,3.9130196,18.9,45.7602829,8.3942605,28.3722,24.5513188,29.8,12.7193223,
1961-05-31,7.7542992,15.7148,9.940166,23.9746111,3.9230445,18.9,45.7602829,8.4202175,28.4492,24.7378182,29.8,12.753001,
1961-06-30,7.7542992,15.7148,9.910909,24.1238388,3.9230445,18.9,45.7602829,8.446103,28.528,24.7777824,29.8,12.8652633,
1961-07-31,7.7621465,15.7148,9.9839732,24.1735813,3.9330692,19.2,46.4924611,8.4719885,28.472,24.8310679,30,12.8652633,
1961-08-31,7.7621465,15.7148,10.0423307,24.0740962,3.9397524,19.3,46.4924611,8.523831,28.5088,24.9509605,29.9,12.9887519,
1961-09-30,7.7621465,15.7148,10.1006881,24.0740962,3.9464356,19.4,46.4924611,8.5756734,28.5263,24.9909246,30,12.9662994,
1961-10-31,7.8014943,15.7148,10.2174812,24.0740962,3.9564605,19.9,46.8585095,8.6533299,28.5963,25.0974957,30,12.9887519,
1961-11-30,7.8014943,15.7148,10.3196459,24.2730664,3.9831933,20,46.8585095,8.6533299,28.6804,25.4438519,30,13.1234667,
1961-12-31,7.8014943,15.7148,10.3488246,24.2730664,3.9965597,20.1,46.8585095,8.6792868,28.6996,25.4704946,30,13.1459191,
1962-01-31,7.793647,15.7148,10.4072603,24.5217792,4.0132678,20.2,46.8585095,8.7051723,29.3073,25.4971374,30,13.1908228,
1962-02-28,7.793647,15.7148,10.4218105,24.5715218,4.0366591,20.1,46.8585095,8.7570148,29.3283,25.5637443,30.1,13.2040137,
1962-03-31,7.793647,15.7148,10.4802462,24.6709203,4.0600502,20.2,46.8585095,8.8087858,29.4019,25.6037085,30.1,13.256777,
1962-04-30,7.8172446,15.7988,10.509425,24.7207494,4.0934663,20.5,47.233448,8.8606282,29.6313,25.7236009,30.2,13.4414485,
1962-05-31,7.8172446,15.7988,10.5386036,24.7207494,4.0934663,20.6,47.233448,8.8606282,29.8642,25.9234218,30.2,13.4810209,
1962-06-30,7.8172446,15.8828,10.5823326,24.7704054,4.1068328,20.5,47.233448,8.8865137,30.0026,25.9900287,30.2,13.5733567,
1962-07-31,7.8329948,15.8828,10.6261398,24.820148,4.1335656,20.7,47.233448,9.0160841,30.0394,26.0699571,30.3,13.5205934,
1962-08-31,7.8329948,15.9669,10.6115895,24.6211778,4.1369072,20.7,47.233448,9.0419696,30.1094,26.1765282,30.3,13.401876,
1962-09-30,7.8329948,15.8828,10.6553968,24.6211778,4.1502736,20.6,47.233448,9.0679266,30.0289,26.1632068,30.4,13.3886852,
1962-10-31,7.8408978,15.9669,10.669947,24.7207494,4.1669816,20.7,47.608305,9.0419696,29.9448,26.1232426,30.4,13.3754944,
1962-11-30,7.8408978,15.9669,10.7721116,24.820148,4.1937145,20.7,47.608305,9.0419696,30.0376,26.2431351,30.4,13.4282576,
1962-12-31,7.8408978,15.9669,10.7867401,24.9693756,4.257205,21.2,47.608305,9.0679266,30.1497,26.2964207,30.4,13.4942118,
1963-01-31,7.8487451,15.9669,10.859726,25.2181748,4.3039874,21.7,47.608305,9.1196975,30.2285,26.376349,30.4,13.5469751,
1963-02-28,7.8487451,15.9669,10.9327119,25.4668011,4.3641364,21.8,47.608305,9.17154,30.3441,26.5362056,30.4,13.6656925,
1963-03-31,7.8487451,15.9669,10.9618907,25.4668011,4.3775028,21.9,47.608305,9.2233825,30.4579,26.5362056,30.5,13.6788833,
1963-04-30,7.8723426,16.0509,10.9765191,25.5165436,4.4042356,21.9,47.983162,9.2492679,30.577,26.5761698,30.5,13.7184557,
1963-05-31,7.8723426,16.0509,11.0202481,25.4668011,4.4042356,22.1,47.983162,9.1196975,30.6103,26.7360264,30.5,13.7052649,
1963-06-30,7.8723426,16.0509,11.093234,25.367316,4.4109188,22.3,47.983162,9.1196975,30.7241,26.8026335,30.6,13.7052649,
1963-07-31,7.8880929,16.219,11.1370412,25.3175735,4.4075772,22.1,48.358019,9.1974255,30.7048,26.855919,30.7,13.62612,
1963-08-31,7.8880929,16.303,11.1808484,25.267831,4.4242852,22,48.358019,9.1196975,30.7539,26.9358473,30.7,13.5865475,
1963-09-30,7.8880929,16.219,11.2538344,25.367316,4.4543597,22.5,48.358019,9.1196975,30.7819,27.0157757,30.7,13.62612,
1963-10-31,7.8880929,16.219,11.2830131,25.5165436,4.5044838,22.5,48.732876,9.0938121,30.8747,27.1223467,30.8,13.6788833,
1963-11-30,7.8880929,16.303,11.3121918,25.6160287,4.5211918,22.4,48.732876,9.17154,30.9745,27.2822034,30.8,13.7184557,
1963-12-31,7.8880929,16.303,11.3268203,25.8149989,4.5512662,22.5,48.732876,9.2233825,31.0866,27.3088462,30.9,13.7448374,
1964-01-31,7.9274963,16.303,11.3706274,25.914484,4.5846823,22.5,49.1077329,9.4306093,31.2092,27.335489,30.9,13.8107915,
1964-02-29,7.9274963,16.303,11.3852559,25.9642266,4.5913655,22.5,49.1077329,9.4824518,31.2495,27.375453,30.9,13.8239823,
1964-03-31,7.9274963,16.303,11.3998062,26.0139691,4.6047319,22.5,49.1077329,9.5342227,31.4158,27.3887745,30.9,13.8767456,
1964-04-30,7.9589412,16.387,11.3998062,26.0139691,4.6114151,22.8,49.4825899,9.5860652,31.3966,27.5619526,30.9,13.995463,
1964-05-31,7.9589412,16.387,11.4144347,26.0139691,4.6515144,22.9,49.4825899,9.5860652,31.4929,27.7084878,30.9,14.1141804,
1964-06-30,7.9589412,16.387,11.4435352,25.914484,4.6815888,22.8,49.4825899,9.6119507,31.5595,27.6685237,31,14.1669437,
1964-07-31,8.0297895,16.5551,11.4727139,26.0139691,4.7083217,22.7,50.2323855,9.7415211,31.7083,27.681845,31.1,14.1669437,
1964-08-31,8.0297895,16.5551,11.4873424,26.0139691,4.7216881,23,50.2323855,9.7933636,31.9115,27.748452,31,14.219707,
1964-09-30,8.0297895,16.4711,11.545778,26.0139691,4.7417377,23.2,50.2323855,9.87102,32.0323,27.8017375,31.1,14.219707,
1964-10-31,8.1321383,16.4711,11.5749568,26.1134542,4.7617874,23.7,50.9820994,9.819249,32.0988,27.8816659,31.1,14.2328978,
1964-11-30,8.1321383,16.5551,11.5749568,26.2128528,4.7952034,23.5,50.9820994,9.8451345,32.2197,27.9083087,31.2,14.3516152,
1964-12-31,8.1321383,16.6392,11.5749568,26.3620805,4.815253,23.5,50.9820994,9.87102,32.2985,27.9482728,31.2,14.4043785,
1965-01-31,8.1872363,16.6392,11.6333925,26.4616521,4.8386443,24,50.9820994,9.9487479,32.3896,27.9749156,31.2,14.443951,
1965-02-28,8.1872363,16.6392,11.6478645,26.4616521,4.848669,23.9,50.9820994,9.9487479,32.4176,28.0681653,31.2,14.443951,
1965-03-31,8.1872363,16.6392,11.6771214,26.5610507,4.8586939,24.1,50.9820994,10.0524329,32.6417,28.0814867,31.3,14.4967143,
1965-04-30,8.2108895,16.7232,11.7063001,26.7102783,4.8653771,24.6,50.9820994,10.1042038,32.7521,28.1747364,31.4,14.7737216,
1965-05-31,8.2108895,16.7232,11.7354789,26.7600209,4.875402,24.4,50.9820994,10.1042038,32.7871,28.4811284,31.4,14.8264849,
1965-06-30,8.2108895,16.8913,11.9252579,26.9092486,4.8887684,24.4,50.9820994,10.1042038,32.9464,28.5876995,31.6,14.8660573,
1965-07-31,8.24239,16.8913,11.8230932,27.0087337,4.9155012,24.3,51.7318134,10.1819318,33.8396,28.6676278,31.6,14.8660573,
1965-08-31,8.24239,16.8913,11.7939145,26.9589911,4.9221844,24.4,51.7318134,10.1042038,33.7941,28.8274845,31.6,14.892439,
1965-09-30,8.24239,16.8913,11.8230932,27.0087337,4.9355508,24.8,51.7318134,10.1560463,33.8729,28.9074128,31.6,14.9056298,
1965-10-31,8.3840866,16.8913,11.8377217,27.1082188,4.9355508,25.1,52.1066704,10.1042038,33.9604,29.0006626,31.7,14.9188206,
1965-11-30,8.3840866,16.9753,11.8669004,27.3071024,4.9522589,24.9,52.1066704,10.1301608,34.041,29.2537689,31.7,14.9847747,
1965-12-31,8.3840866,17.1434,11.9106294,27.406674,4.9756501,25,52.1066704,10.1819318,34.2284,29.3203759,31.8,15.0507289,
1966-01-31,8.447032,17.1434,11.9398081,27.5559016,4.9890165,25.2,52.4816089,10.2078888,34.6434,29.4802325,31.8,15.0771105,
1966-02-28,8.447032,17.2274,11.9690651,27.6056442,4.9890165,25.5,52.4816089,10.2078888,34.9849,29.5601608,32,15.0903013,
1966-03-31,8.447032,17.3114,11.9836153,27.6553003,4.9856749,25.5,52.4816089,10.3115022,35.1338,29.600125,32.1,15.116683,
1966-04-30,8.5021857,17.3955,12.0274225,27.9040995,4.9990413,25.8,52.8564659,10.3373877,35.1951,29.6400892,32.3,15.3013545,
1966-05-31,8.5021857,17.3955,12.0712297,27.9040995,5.0057245,25.7,52.8564659,10.3373877,35.3754,30.0130881,32.3,15.4068811,
1966-06-30,8.5021857,17.4795,12.0566794,27.9040995,5.0057245,25.7,52.8564659,10.3373877,35.4718,29.9731238,32.4,15.4464535,
1966-07-31,8.565131,17.4795,12.1004085,27.9040995,5.0090661,25.7,53.2313229,10.518729,35.3825,29.9731238,32.5,15.3804994,
1966-08-31,8.565131,17.5636,12.1149587,27.854357,5.0157494,25.6,53.2313229,10.544686,35.6136,30.0663736,32.7,15.4728352,
1966-09-30,8.565131,17.5636,12.1442156,27.854357,5.0190909,25.9,53.2313229,10.518729,35.6959,30.0930164,32.7,15.4464535,
1966-10-31,8.6517296,17.6476,12.1733944,27.9040995,5.0257742,26.1,53.6061799,10.5705715,35.8308,30.1532025,32.9,15.486026,
1966-11-30,8.6517296,17.6476,12.2025731,28.1029832,5.0558486,25.8,53.6061799,10.5705715,35.9534,30.5143185,32.9,15.5783618,
1966-12-31,8.6517296,17.7316,12.23183,28.2025548,5.0926063,26.1,53.6061799,10.596457,35.9884,30.6647836,32.9,15.6047434,
1967-01-31,8.6674798,17.7316,12.2901874,28.2522108,5.1414285,26.4,54.7307508,10.6482995,36.2756,30.7550627,32.9,15.6311251,
1967-02-28,8.6674798,17.7316,12.2901874,28.2522108,5.1564766,26.5,54.7307508,10.7260274,36.54,30.6948767,32.9,15.6443159,
1967-03-31,8.6674798,17.8157,12.3339165,28.3019534,5.1665086,26.6,54.7307508,10.7001419,36.7852,30.6948767,33,15.6443159,
1967-04-30,8.7540784,17.8997,12.3339165,28.3019534,5.1715247,26.7,56.2302603,10.7519129,36.8027,30.7249698,33.1,15.7630333,
1967-05-31,8.7540784,17.9837,12.3630952,28.3516959,5.1865728,26.4,56.2302603,10.7778699,36.8815,31.0559928,33.2,15.7498425,
1967-06-30,8.7540784,18.0678,12.3630952,28.3516959,5.2016208,26.3,56.2302603,10.9333258,36.9498,31.266644,33.3,15.8157966,
1967-07-31,8.8091764,18.2358,12.3923521,28.4014385,5.2116529,26.3,56.9799743,10.9850967,37.1162,31.3870161,33.4,15.7234608,
1967-08-31,8.8091764,18.3199,12.4361593,28.2522108,5.2216849,26.5,56.9799743,11.0110537,37.1898,31.5073882,33.5,15.6838884,
1967-09-30,8.8091764,18.3199,12.4799665,28.2522108,5.2467651,27,56.9799743,10.9850967,37.3088,31.3870161,33.6,15.6706975,
1967-10-31,8.8879277,18.3199,12.5382457,28.3019534,5.2417491,27.4,56.9799743,10.9850967,37.2686,31.3569231,33.7,15.7894149,
1967-11-30,8.8879277,18.3199,12.6404886,28.3516959,5.2467651,27.3,56.9799743,11.0369392,37.181,31.6578532,33.8,15.8817507,
1967-12-31,8.8879277,18.4039,12.6404886,28.3516959,5.2467651,27.6,56.9799743,11.0628247,37.2108,31.7481323,33.9,15.9872773,
1968-01-31,8.9036223,18.488,12.7718319,28.6998938,5.2567971,27.8,57.3548313,11.1405526,37.3859,31.8083183,34.1,16.0400406,
1968-02-29,8.9036223,18.488,12.7864604,28.7496364,5.2567971,27.9,57.3548313,11.1405526,37.5277,31.8685044,34.2,16.1191855,
1968-03-31,8.9036223,18.572,12.8010107,28.7496364,5.2618132,27.9,57.3548313,11.1923951,37.575,31.7481323,34.3,16.1719488,
1968-04-30,8.9745262,18.656,12.8301895,28.7496364,5.2718452,28,58.1046268,11.1923951,37.6013,31.7180392,34.4,16.4621469,
1968-05-31,8.9745262,18.656,12.8739966,28.7496364,5.2768613,28,58.1046268,11.1664381,37.561,31.8083183,34.5,16.4753377,
1968-06-30,8.9745262,18.7401,12.9178038,28.7496364,5.2718452,27.8,58.1046268,11.2182805,37.575,31.8384113,34.7,16.5412918,
1968-07-31,9.0453745,18.9081,12.9470608,28.7496364,5.2618132,27.8,58.8543408,11.2960085,37.7764,31.8083183,34.9,16.5544827,
1968-08-31,9.0453745,18.9922,13.0199685,28.6998938,5.2618132,28,58.8543408,11.270123,37.7361,31.8985974,35,16.5808643,
1968-09-30,9.0453745,18.9922,13.1075829,28.6998938,5.2668292,28.7,58.8543408,11.321894,37.7957,31.9286903,35.1,16.5940551,
1968-10-31,9.1713209,18.9922,13.2389262,28.7496364,5.2718452,28.7,59.9789117,11.3737364,37.8955,32.0490624,35.3,16.6732001,
1968-11-30,9.1713209,19.1602,13.2827335,28.898864,5.2818773,28.8,59.9789117,11.3996219,37.7396,32.3499925,35.4,16.7127725,
1968-12-31,9.1713209,19.1602,13.3119121,28.9983491,5.2969254,28.6,59.9789117,11.4255789,37.9586,32.4402717,35.5,16.9370165,
1969-01-31,9.2421692,19.2443,13.4578839,29.0978342,5.3119735,28.8,60.7287072,11.4255789,38.1144,32.5305507,35.6,17.0293523,
1969-02-28,9.2421692,19.2443,13.5016912,29.1972328,5.3220055,28.8,60.7287072,11.4773499,38.2248,32.5907367,35.8,17.121688,
1969-03-31,9.2421692,19.3283,13.5746771,29.2470619,5.3420696,29.1,60.7287072,11.4773499,38.3036,32.5305507,36.1,17.1876422,
1969-04-30,9.3051145,19.5804,13.6331128,29.2968043,5.3621337,29.3,61.4784212,11.5291923,38.5014,32.4703647,36.3,17.3723137,
1969-05-31,9.3051145,19.5804,13.691392,29.3465469,5.3771818,29.4,61.4784212,11.5291923,38.4472,32.6208297,36.4,17.345932,
1969-06-30,9.3051145,19.7485,13.7351992,29.3465469,5.3972459,29.4,61.4784212,11.5810348,38.5242,32.7712948,36.6,17.425077,
1969-07-31,9.3917131,19.8325,13.8081851,29.3465469,5.427342,29.7,61.8549094,11.6846482,38.7221,32.7712948,36.8,17.425077,
1969-08-31,9.3917131,19.9166,13.837442,29.2470619,5.4423902,30.1,61.8549094,11.6328058,38.9042,32.7111088,37,17.3855045,
1969-09-30,9.3917131,19.9166,13.9103497,29.2470619,5.4524222,30.3,61.8549094,11.6846482,38.9568,32.7412018,37.1,17.4382678,
1969-10-31,9.4783116,19.9166,13.9979641,29.3465469,5.4674703,30.4,62.4734724,11.7364192,38.9795,32.8013878,37.3,17.570176,
1969-11-30,9.4783116,19.9166,14.0563998,29.396203,5.4975665,30.3,62.4734724,11.7623762,39.1967,33.072225,37.5,17.6097485,
1969-12-31,9.4783116,20.0846,14.1001288,29.5952597,5.5176306,30.5,62.4734724,11.7623762,39.4244,33.1925971,37.7,17.7284659,
1970-01-31,9.5491599,20.1687,14.2899078,29.943371,5.5427107,30.8,63.7105983,12.4359707,40.0075,33.282876,37.8,17.8735649,
1970-02-28,9.5491599,20.1687,14.3336368,29.9931135,5.5878549,30.9,63.7105983,12.4878132,40.5592,33.282876,38,17.9659007,
1970-03-31,9.5491599,20.1687,14.377444,30.1423412,5.6079191,31.2,63.7105983,12.5914266,40.8586,33.3430622,38.2,18.0714273,
1970-04-30,9.6751619,20.3367,14.4504299,30.2418263,5.6329992,31.5,64.3291613,12.643269,40.9304,33.3129691,38.5,18.3484346,
1970-05-31,9.6751619,20.3367,14.5088656,30.2418263,5.6580794,31.3,64.3291613,12.643269,41.0723,33.6439923,38.6,18.4011979,
1970-06-30,9.6751619,20.3367,14.5672231,30.3413114,5.6681114,31.3,64.3291613,12.7468825,41.2562,33.7944574,38.8,18.4539611,
1970-07-31,9.7381073,20.5048,14.5964017,30.3413114,5.6781434,31.3,65.5662872,12.9282238,41.5784,33.8847365,39,18.5858694,
1970-08-31,9.7381073,20.5048,14.6547592,30.3413114,5.6881756,31.2,65.5662872,12.9023384,41.729,34.0051085,39,18.5726786,
1970-09-30,9.7381073,20.4208,14.7131949,30.3413114,5.7232877,31.8,65.5662872,13.0318373,41.8481,34.2157596,39.2,18.6650143,
1970-10-31,9.9506522,20.4208,14.7715523,30.4905391,5.7483678,32.3,68.0404575,13.1095652,42.0513,34.3963177,39.4,18.8628767,
1970-11-30,9.9506522,20.4208,14.8299098,30.5900242,5.7935121,32.3,68.0404575,13.1614077,42.3612,34.847713,39.6,18.9947849,
1970-12-31,9.9506522,20.3367,14.873717,30.7889078,5.8135762,32.5,68.0404575,13.3168636,42.6239,34.998178,39.8,19.1266931,
1971-01-31,10.1002517,20.4208,14.9613314,31.1371057,5.8318827,32.8,69.8960648,13.368706,43.9041,35.2088291,39.8,19.3905096,
1971-02-28,10.1002517,20.5048,15.0343173,31.3859049,5.8545969,32.8,69.8960648,13.3945915,43.9514,35.3592942,39.9,19.4960362,
1971-03-31,10.1002517,20.5048,15.0926747,31.5847887,5.8773111,32.9,69.8960648,13.4723195,44.0617,35.5699453,40,19.654326,
1971-04-30,10.2655459,20.7569,15.1802891,31.7340162,5.8943468,33.3,71.7517537,13.4723195,43.9724,35.6000384,40.1,20.0764324,
1971-05-31,10.2655459,20.7569,15.2824538,31.7837588,5.9284182,33.4,71.7517537,13.5240904,43.8235,35.9912476,40.3,20.2083406,
1971-06-30,10.2655459,20.841,15.3408112,31.9329865,5.9340967,33.5,71.7517537,13.5759329,43.9514,36.0213406,40.6,20.3534396,
1971-07-31,10.4702435,21.009,15.4138754,32.0324716,5.9511324,33.5,72.9888796,13.6795463,44.165,36.1718056,40.7,20.472157,
1971-08-31,10.4702435,21.1771,15.4721546,32.0324716,5.9624895,33.5,72.9888796,13.6795463,44.778,36.2319916,40.8,20.4853479,
1971-09-30,10.4702435,21.0931,15.5451405,32.1319567,6.0022395,34.3,72.9888796,13.7313888,44.8288,36.5028289,40.8,20.5117295,
1971-10-31,10.7055511,21.1771,15.6327549,32.2811843,6.0306323,34.4,74.8444869,13.8350022,45.2841,36.653294,40.9,20.6304469,
1971-11-30,10.7055511,21.1771,15.6911123,32.3309269,6.0590251,34.1,74.8444869,13.9386871,45.2491,37.1347822,40.9,20.7491643,
1971-12-31,10.7055511,21.3452,15.7640982,32.4801545,6.0817393,34.1,74.8444869,13.9645726,45.6536,37.3153404,41.1,20.8546909,
1972-01-31,10.7839685,21.4292,15.8079055,32.8780084,6.1044536,34.1,76.0816128,14.1717995,46.0581,37.5560844,41.1,20.9734083,
1972-02-29,10.7839685,21.5133,15.8954416,33.0272361,6.138525,34.3,76.0816128,14.1977564,46.2333,37.7366425,41.3,21.0789349,
1972-03-31,10.7839685,21.5973,15.9684276,33.1764637,6.1555607,34.6,76.0816128,14.3272553,46.4347,37.8269216,41.4,21.144889,
1972-04-30,10.9016223,21.6813,16.0268632,33.2759488,6.1669178,35,76.7001758,14.4049833,46.5485,37.8570146,41.5,21.3427513,
1972-05-31,10.9016223,21.6813,16.1143994,33.3754339,6.2237034,35.1,76.7001758,14.4309403,46.7779,38.2482238,41.6,21.4482779,
1972-06-30,10.9016223,21.6813,16.2020138,33.474919,6.2577747,35.2,76.7001758,14.5863962,47.0196,38.4588748,41.7,21.593377,
1972-07-31,11.0584569,22.0175,16.3333571,33.7236317,6.280489,35.2,77.3186572,14.7158951,47.2945,38.488968,41.9,21.6593311,
1972-08-31,11.0584569,22.1855,16.4209716,33.7236317,6.3202389,35.4,77.3186572,14.7417805,47.4644,38.639433,42,21.8308118,
1972-09-30,11.0584569,22.2696,16.5231361,34.0718296,6.3827031,35.6,77.3186572,14.871351,47.678,38.9704562,42.1,21.9495292,
1972-10-31,11.1761107,22.2696,16.6691081,34.2210572,6.4508459,35.8,78.5557831,14.9490789,47.8252,39.3315724,42.3,22.2529181,
1972-11-30,11.1761107,22.2696,16.7712726,34.3702849,6.5019529,35.8,78.5557831,15.0009214,47.8392,39.6625955,42.4,22.3320631,
1972-12-31,11.1761107,22.4377,16.8588088,34.5691686,6.5303457,36,78.5557831,15.0526923,48.5064,39.8732467,42.5,22.4507805,
1973-01-31,11.4114184,22.6057,16.8588088,34.9173664,6.5984885,36.4,80.411472,15.1304203,48.7008,40.3246419,42.6,22.5958795,
1973-02-28,11.4114184,22.7738,16.9026161,35.1660792,6.6723097,36.7,80.411472,15.2599907,49.0966,40.5954791,42.9,22.7409786,
1973-03-31,11.4114184,22.8578,16.9901522,35.414792,6.7461311,37.6,80.411472,15.4413321,49.2699,40.9265022,43.3,22.8728868,
1973-04-30,11.8035607,23.1099,17.1070236,35.6137621,6.8142738,38.2,82.8856422,15.5449455,49.6237,41.0167813,43.6,23.308184,
1973-05-31,11.8035607,23.194,17.2675456,35.8623884,6.9164879,38.9,82.8856422,15.5709025,49.8076,41.3177114,43.9,23.4796646,
1973-06-30,11.8035607,23.4461,17.3989672,36.0613585,6.978952,39,82.8856422,15.7263584,50.2419,41.6186417,44.2,23.5983821,
1973-07-31,12.2348838,23.6982,17.5448608,36.1608436,7.018702,39.3,84.7412496,15.8040148,50.4258,41.6788277,44.3,23.7039086,
1973-08-31,12.2348838,24.0343,17.661654,36.1608436,7.0641305,39.6,84.7412496,15.7522438,50.5571,41.8292928,45.1,23.7698628,
1973-09-30,12.2348838,24.1184,17.8222542,36.1608436,7.1038804,40.7,84.7412496,15.8817427,50.7217,42.1904089,45.2,23.9809159,
1973-10-31,12.6662626,24.2024,18.0119551,36.4592989,7.160666,40.9,86.5969384,16.0371986,51.2471,43.0631064,45.6,24.4557855,
1973-11-30,12.6662626,24.3705,18.1724771,36.9069819,7.2458445,41.2,86.5969384,16.1408836,51.8373,43.9658969,45.9,24.6404571,
1973-12-31,12.6662626,24.5386,18.2893485,37.2551798,7.3480586,42.6,86.5969384,16.2186115,52.1525,44.6279433,46.2,24.8251286,
1974-01-31,12.9799875,24.7066,18.5958424,37.5038924,7.4673083,44.4,89.0711087,16.4776808,52.7812,44.9890595,46.6,25.2999982,
1974-02-28,12.9799875,24.9587,18.8439789,37.8520903,7.6263081,45.8,89.0711087,16.6590222,54.0964,44.6580362,47.2,25.8,
1974-03-31,12.9799875,25.2108,19.0629366,37.9017464,7.8250577,46.1,89.0711087,16.8403636,54.5798,44.8686874,47.8,26,
1974-04-30,13.4897836,25.3789,19.3694306,38.1504591,7.9215932,47.3,90.9267976,16.9440485,54.2838,44.5978503,48,26.9,
1974-05-31,13.4897836,25.8831,19.6030168,38.3991719,8.0351645,47.5,90.9267976,16.9440485,54.0596,45.3802687,48.6,27.3,
1974-06-30,13.4897836,26.1352,19.8219746,38.548313,8.1487357,47.7,90.9267976,17.0476619,54.5185,45.6210127,49,27.6,
1974-07-31,14.1955952,26.3033,20.0701111,38.6478846,8.313414,48.7,94.6380938,17.2548888,54.6743,45.7714778,49.4,27.8,
1974-08-31,14.1955952,26.6395,20.2306331,38.6975406,8.495128,49.2,94.6380938,17.3326167,55.2312,46.2228732,50,27.8,
1974-09-30,14.1955952,26.8075,20.4495909,38.7971123,8.7393061,49.8,94.6380938,17.4621871,55.7093,46.9751986,50.6,28.1,
1974-10-31,14.7053913,27.0596,20.6977274,39.0457385,8.9039844,51,97.730827,17.6435285,57.4361,47.2761288,51.1,28.7,
1974-11-30,14.7053913,27.3117,20.8874282,39.2945378,9.0743412,51.4,97.730827,17.7471419,57.9562,47.9381751,51.5,29.2,
1974-12-31,14.7053913,27.5639,21.0625788,39.3939364,9.1481626,51.6,97.730827,17.9025978,58.1909,47.998361,51.9,29.6,
1975-01-31,15.2544239,27.6479,21.296165,39.7918768,9.2674123,52.2,100.2049973,18.394851,57.9544,48.2691982,52.1,30.4,
1975-02-28,15.2544239,27.9,21.4566871,39.9908469,9.4036978,52.2,100.2049973,18.4985359,58.5411,48.4196633,52.5,30.9,
1975-03-31,15.2544239,27.984,21.6318377,40.1898171,9.4150549,52.7,100.2049973,18.7057627,58.8756,48.6002215,52.7,31.5,
1975-04-30,15.76422,28.2361,21.8216167,40.4882724,9.5399833,53.6,104.5348565,18.8093762,58.9947,48.7205935,52.9,32.7,
1975-05-31,15.76422,28.4883,21.982217,40.7369852,9.6194832,53.9,104.5348565,18.8871041,59.9316,49.0817097,53.2,34.1,
1975-06-30,15.76422,28.8244,22.1427391,41.0354405,9.6933044,53.9,104.5348565,19.0944025,60.3064,49.2622677,53.6,34.8,
1975-07-31,15.8818182,29.2446,22.3032612,41.0354405,9.7330543,54,108.2461527,19.4570852,61.0822,49.1719888,54.2,35.1,
1975-08-31,15.8818182,29.4967,22.4493112,40.9856114,9.7955186,53.9,108.2461527,19.4053142,61.7372,49.3224538,54.3,35.3,
1975-09-30,15.8818182,29.5807,22.6390121,41.1845816,9.8750184,55.1,108.2461527,19.6643836,61.893,49.503012,54.6,35.6,
1975-10-31,16.7837565,29.8328,22.8141627,41.2840667,9.9829111,55.9,112.5760118,19.7421115,62.548,49.563198,54.9,36.1,
1975-11-30,16.7837565,30.0849,22.9602127,41.4332944,10.0964823,55.6,112.5760118,19.8457249,63.1855,49.713663,55.3,36.6,
1975-12-31,16.7837565,30.169,23.0915561,41.5327795,10.1759821,55.6,112.5760118,19.8975674,63.3588,49.6534771,55.5,37,
1976-01-31,17.2935526,30.337,23.3396926,41.8808908,10.2838748,56.7,117.5244339,20.1307512,64.2852,49.9243141,55.6,37.5,
1976-02-29,17.2935526,30.5051,23.5002147,42.12969,10.5110173,57.1,117.5244339,20.2343647,64.7861,49.8942211,55.8,38,
1976-03-31,17.2935526,30.5892,23.7045439,42.2290886,10.7211241,57.3,117.5244339,20.519391,65.4061,49.8039421,55.9,38.2,
1976-04-30,17.7249314,30.6732,23.9088732,42.4778014,11.0050522,58.6,123.0913374,20.6747753,65.8929,49.8039421,56.1,38.9,
1976-05-31,17.7249314,30.9253,24.0694735,42.5772865,11.226516,58.9,123.0913374,20.8302312,66.4673,49.713663,56.5,39.3,
1976-06-30,17.7249314,31.0934,24.1716381,42.6271156,11.2776231,59,123.0913374,21.0893721,67.0242,49.8039421,56.8,39.5,
1976-07-31,18.1170737,31.2614,24.4052244,42.5772865,11.3344087,59.3,126.8026336,21.2707134,67.1065,49.8942211,57.1,39.6,
1976-08-31,18.1170737,31.3455,24.5802967,42.6767716,11.4593371,59,126.8026336,21.2707134,67.5181,50.0747792,57.4,40.2,
1976-09-30,18.1170737,31.5136,24.8430616,42.7265141,11.6524081,60.4,126.8026336,21.2965989,67.6319,49.9544072,57.6,40.7,
1976-10-31,19.1758467,31.6816,25.0766479,42.8259992,11.9874433,60.8,130.5139298,21.3224844,68.5933,50.0747792,57.9,41.4,
1976-11-30,19.1758467,31.8497,25.2809772,42.9254843,12.2486571,60.8,130.5139298,21.4261693,69.1257,50.1650583,58,42,
1976-12-31,19.1758467,31.9337,25.3685916,43.074712,12.2622151,61.5,130.5139298,21.4779403,69.441,50.2854304,58.2,42.6,
1977-01-31,19.6464063,32.1858,25.4414993,43.5223949,12.4210228,62.1,133.6066631,21.86658,70.0837,50.3757094,58.5,43.7,
1977-02-28,19.6464063,32.438,25.6167281,43.6716225,12.6592342,62.4,133.6066631,22.0479214,70.9628,50.4058024,59.1,44.1,
1977-03-31,19.6464063,32.8581,25.8501579,43.8207637,12.8180417,62.7,133.6066631,22.3847186,71.6283,50.3155234,59.5,44.6,
1977-04-30,20.0777851,33.0262,26.185987,43.9699914,12.9768493,63.8,140.4107741,22.5401745,72.4794,50.3757094,60,45.7,
1977-05-31,20.0777851,33.3624,26.4341235,44.119219,13.1356569,64.4,140.4107741,22.6956304,73.3655,50.3456164,60.3,46.1,
1977-06-30,20.0777851,33.5304,26.6384527,44.3181892,13.2264041,64.1,140.4107741,22.9029288,75.0135,50.6766396,60.7,46.5,
1977-07-31,20.5091639,33.8666,26.8719607,44.2187906,13.3058079,63.9,145.3591146,23.1619981,75.6912,50.7067326,61,46.6,
1977-08-31,20.5091639,33.9506,27.0179326,44.2684466,13.4305853,64,145.3591146,23.1619981,75.8996,50.7067326,61.2,46.8,
1977-09-30,20.5091639,34.2027,27.2514406,44.3181892,13.6007364,65,145.3591146,23.2915685,76.6807,50.7368256,61.4,47.1,
1977-10-31,20.9797235,34.5389,27.4703983,44.3680183,13.7822308,65.5,150.9260997,23.3951819,77.7472,50.8484466,61.6,47.3,
1977-11-30,20.9797235,34.7069,27.5726413,44.4176743,13.9183515,64.8,150.9260997,23.3951819,77.7472,50.8027835,61.9,47.5,
1977-12-31,20.9797235,34.959,27.6455489,44.5669019,13.986412,64.6,150.9260997,23.4470244,78.2603,50.8636676,62.1,47.8,
1978-01-31,21.254212,35.1271,27.7769705,44.8156147,14.0998459,64.9,153.40027,23.9392775,79.9047,50.889036,62.5,48,
1978-02-28,21.254212,35.3792,27.9812998,45.0145849,14.2473101,65.2,153.40027,24.042891,80.8101,50.9448465,62.9,48.3,
1978-03-31,21.254212,35.7154,28.2294362,45.1638126,14.4288045,65.8,153.40027,24.3019603,80.8346,51.0006571,63.4,48.6,
1978-04-30,21.6855907,35.7994,28.5359303,45.3130402,14.5649253,66.5,157.7301291,24.3796882,81.3495,51.0919833,63.9,49.3,
1978-05-31,21.6855907,36.3036,28.8133237,45.3626962,14.7010461,66.9,157.7301291,24.4315307,81.7873,51.1630149,64.5,49.6,
1978-06-30,21.6855907,36.6398,29.0322032,45.5119239,14.8258236,66.6,157.7301291,24.5869866,81.8732,51.2492675,65.2,50,
1978-07-31,22.1169139,37.144,29.3825825,45.4125253,14.9165707,66.8,161.4414253,24.8719414,82.2234,51.2644886,65.7,50.2,
1978-08-31,22.1169139,37.228,29.5577331,45.3626962,14.9959745,67,161.4414253,24.9237838,82.1691,51.2847833,66,50.5,
1978-09-30,22.1169139,37.144,29.7475122,45.3130402,15.2341859,67.7,161.4414253,25.2346956,82.747,51.1579412,66.5,50.7,
1978-10-31,22.5875291,37.5642,30.0248273,45.3626962,15.3703067,67.9,165.7712845,25.2864666,83.1691,51.0564676,67.1,51,
1978-11-30,22.5875291,37.8163,30.1853494,45.5119239,15.5291143,67.2,165.7712845,25.3123521,83.5053,51.1224255,67.4,51.3,
1978-12-31,22.5875291,37.9003,30.3313213,45.6611516,15.6085181,67.1,165.7712845,25.338309,84.0289,51.2340465,67.7,51.8,
1979-01-31,22.9796714,38.1524,30.6086365,46.108921,15.8694163,67.2,169.4825807,25.2864666,84.5876,51.4268463,68.3,52.5,
1979-02-28,22.9796714,38.5726,30.8129658,46.3078046,16.1076277,67,169.4825807,25.3641945,85.2758,51.9900252,69.1,53,
1979-03-31,22.9796714,38.9928,31.0903592,46.5067749,16.3231523,67.6,169.4825807,25.4678079,85.7119,52.2690777,69.8,53.4,
1979-04-30,23.6070657,39.3289,31.3968531,46.7554876,16.5273335,68.5,177.523736,25.5714929,86.1917,52.4060672,70.6,54.3,
1979-05-31,23.6070657,39.6651,31.732604,46.9047153,16.7088279,69,177.523736,25.7269488,86.7119,52.5887197,71.5,54.7,
1979-06-30,23.6070657,39.9172,31.9953689,47.1533415,16.8449486,69.1,177.523736,25.8564477,87.0972,53.3294774,72.3,55.7,
1979-07-31,24.1560983,40.2533,32.418656,47.4517968,16.9924129,69.7,186.1833728,25.9860181,87.6943,53.4563195,73.1,58.1,
1979-08-31,24.1560983,40.3373,32.7543287,47.5015394,17.1965941,69,186.1833728,26.0119036,88.929,53.3548457,73.8,58.5,
1979-09-30,24.1560983,40.6735,33.0316439,47.650767,17.6389866,69.9,186.1833728,26.141474,89.3143,53.6136036,74.6,59.1,
1979-10-31,24.8619655,41.0096,33.4257522,47.7502521,17.9679452,70.8,192.9874022,26.3487008,90.1619,53.5882352,75.2,59.7,
1979-11-30,24.8619655,41.4298,33.6447099,47.9492222,18.2175001,70.5,192.9874022,26.4782712,91.4718,53.7911825,75.9,60.3,
1979-12-31,24.8619655,41.5979,33.9073967,48.1481925,18.5464587,70.9,192.9874022,26.5300422,92.2283,53.8926561,76.7,60.7,
1980-01-31,25.4109425,41.85,34.5629401,48.3969052,19.1363155,71.6,200.4100762,26.9446389,95.3,54.055014,77.8,62.2,
1980-02-29,25.4109425,42.2702,34.9298254,48.9937293,19.4652741,72.2,200.4100762,27.3850496,96.8,54.1311193,78.9,63.1,
1980-03-31,25.4109425,42.6063,35.3333992,49.2424421,19.6694552,72.6,200.4100762,27.8514173,97.2,54.2985507,80.1,63.9,
1980-04-30,26.1168097,42.9425,35.7736615,49.4414123,19.9870704,73.9,209.0697129,28.0068732,97.9,54.5471611,81,66.1,
1980-05-31,26.1168097,43.4467,36.067248,49.690125,20.1912516,74.5,209.0697129,28.3177849,98.2,54.8718768,81.8,66.7,
1980-06-30,26.1168097,43.8669,36.3241459,49.8890952,20.372746,74.9,209.0697129,28.6545822,98.5,55.0646768,82.7,67.4,
1980-07-31,26.6266058,44.203,36.8377853,49.9387513,20.7357348,74.9,216.4923053,28.9913795,99.3,55.2422557,82.7,67.9,
1980-08-31,26.6266058,44.7072,37.2045924,49.9885803,20.9852896,74.7,216.4923053,29.1727208,99.9,55.6126346,83.3,68.1,
1980-09-30,26.6266058,45.0434,37.4981788,49.9885803,21.4049954,76,216.4923053,29.4577471,102.7,55.6380029,84,68.5,
1980-10-31,27.1755827,45.4636,37.9018309,50.0879789,21.7679841,76.1,224.5334607,29.7427019,104.2,55.5365293,84.8,68.9,
1980-11-30,27.1755827,46.0518,38.195339,50.4361767,22.2217202,76.3,224.5334607,29.9500003,104.8,56.0692659,85.5,69.5,
1980-12-31,27.1755827,46.2199,38.5622244,50.7843746,22.172538,76,224.5334607,30.1572271,105.2,56.2620659,86.3,69.9,
1981-01-31,27.8422135,46.8922,39.0025648,51.2818001,22.586591,76.8,231.3374901,30.9345066,107.2,56.8100236,87,70.3,
1981-02-28,27.8422135,47.3964,39.3694502,51.629998,23.0213467,76.7,231.3374901,31.2713038,109.3,57.363055,87.9,70.9,
1981-03-31,27.8422135,47.9846,39.7363355,52.0278518,23.3525891,77,231.3374901,31.8930559,109.8,57.7486548,88.5,72,
1981-04-30,28.4304826,48.3208,40.2867416,52.3760496,23.6631288,77.6,240.6157714,32.1003542,110.5,57.6218128,89.1,74.1,
1981-05-31,28.4304826,48.741,40.6536269,52.5750198,24.0357765,78.3,240.6157714,32.2299247,111.2,58.1545495,89.8,74.6,
1981-06-30,28.4304826,49.4973,41.0572007,52.7739035,24.3049109,78.4,240.6157714,32.6444499,111.6,58.5249283,90.6,75,
1981-07-31,29.018696,49.9175,41.754361,53.1221014,24.4498295,78.2,249.8940527,33.110746,112.6,58.8750124,91.6,75.3,
1981-08-31,29.018696,50.3377,42.2680004,53.271329,24.6775587,77.8,249.8940527,33.110746,113.5,59.7527595,92.3,75.9,
1981-09-30,29.018696,50.6738,42.7450294,53.5697843,25.0295037,79,249.8940527,33.4216578,114.3,59.7984227,93.2,76.3,
1981-10-31,30.2343037,51.178,43.2953573,53.7687545,25.4642594,79.3,259.1722524,33.4993858,115,59.5954754,93.4,77,
1981-11-30,30.2343037,51.5982,43.6622426,54.0175538,25.9197176,79.2,259.1722524,33.6548416,115.4,59.9962963,93.7,77.8,
1981-12-31,30.2343037,51.8503,43.9191405,54.2164374,26.1888521,79.3,259.1722524,33.7584551,114.9,59.9861489,94,78.3,
1982-01-31,30.7833363,52.1864,44.3960914,54.6143778,26.5614998,79.3,267.8319707,34.7689184,117.4,60.2804225,94.3,78.7,
1982-02-28,30.7833363,52.8587,44.8364319,54.7636055,26.9548501,79.2,267.8319707,35.0021022,119,60.3768225,94.6,78.8,
1982-03-31,30.7833363,53.531,45.3867598,54.7636055,27.1825793,79.3,267.8319707,35.5720833,119.3,60.4833698,94.5,79.4,
1982-04-30,31.4892035,53.7831,45.9003992,54.9128332,27.4103084,79.9,281.4400295,35.7534247,120.1,60.8233065,94.9,81,
1982-05-31,31.4892035,54.5395,46.2673628,55.310687,27.7208482,80.2,281.4400295,35.8052671,120.7,61.6097273,95.8,81.6,
1982-06-30,31.4892035,55.1277,46.5975595,55.9075976,28.0106853,80.2,281.4400295,36.1679499,121.1,62.1526113,97,81.9,
1982-07-31,32.6263939,55.3798,46.7443918,56.0070827,28.3626304,79.7,291.3367922,36.737931,121.9,62.3860007,97.5,81.9,
1982-08-31,32.6263939,55.6319,46.891146,55.9573402,28.8801966,80.3,291.3367922,36.7638164,122.2,62.8680006,97.7,81.9,
1982-09-30,32.6263939,55.9681,47.0745104,56.1563103,29.3149523,81.5,291.3367922,37.0229573,122.9,63.1115374,97.9,81.9,
1982-10-31,33.5675687,56.3042,47.3313301,56.4049367,29.8118158,81.8,299.3779476,37.2820266,124.6,63.2688215,98.2,82.3,
1982-11-30,33.5675687,56.6404,47.7716706,56.5542508,30.2258688,81,299.3779476,37.5669814,125.6,63.4464003,98,82.7,
1982-12-31,33.5675687,56.6404,48.1753227,56.7034784,30.4950033,80.9,299.3779476,37.7224373,125.9,63.2586742,97.6,82.5,
1983-01-31,34.2733803,56.5563,48.6522736,56.9023621,30.867651,81,301.8521994,38.2924184,129.1,63.1641657,97.8,82.6,
1983-02-28,34.2733803,56.8084,48.9824703,56.9521046,31.281704,80.7,301.8521994,38.4737597,128.8,63.2515259,97.9,83,
1983-03-31,34.2733803,57.3967,49.4594212,56.9023621,31.5715411,81.2,301.8521994,38.8623995,129.3,63.3721603,97.9,83.1,
1983-04-30,35.0184841,57.3967,50.0832044,57.0515898,31.9027835,81.5,304.9449326,39.0178553,130.3,63.5702864,98.6,84.3,
1983-05-31,35.0184841,57.5648,50.4134011,57.2008174,32.1719179,82.4,304.9449326,39.0955833,131.1,63.6248154,99.2,84.6,
1983-06-30,35.0184841,58.153,50.7069876,57.3997876,32.3582418,81.9,304.9449326,39.3546526,131.8,63.8876552,99.5,84.8,
1983-07-31,35.6066975,58.4051,51.1472498,57.5987578,32.6273762,81.5,306.80054,39.6396789,132.9,63.7630988,99.9,85.3,
1983-08-31,35.6066975,58.7413,51.4408364,57.797728,32.7929974,81.3,306.80054,39.561951,133.5,63.9349093,100.2,85.7,
1983-09-30,35.6066975,58.7413,51.8443319,57.9469556,33.227753,82.3,306.80054,39.8987482,134.5,64.0141726,100.7,86.1,
1983-10-31,36.4693994,59.0774,52.2479057,57.9469556,33.7246166,83,309.8933548,40.0800896,135.6,64.1675116,101,86.4,
1983-11-30,36.4693994,59.0774,52.4681152,58.0463543,34.0972644,82.5,309.8933548,40.1837745,136.4,64.5740751,101.2,86.7,
1983-12-31,36.4693994,59.2455,52.6515578,58.1955819,34.2421829,82.3,309.8933548,40.3910014,137.5,64.6101324,101.3,86.9,
1984-01-31,36.2733282,59.5816,53.0185212,58.4443811,34.6562359,82.5,312.367525,40.7537556,139.4,64.8422286,101.9,86.8,
1984-02-29,36.2733282,59.9178,53.348718,58.5936088,35.0702889,83,312.367525,40.9609825,138.9,65.0762857,102.4,87.2,
1984-03-31,36.2733282,60.0018,53.7156033,58.6432648,35.3187207,83.2,312.367525,41.4273501,140.9,65.4994229,102.6,87.5,
1984-04-30,36.3909821,60.2539,54.0458783,58.7427499,35.5878551,83.4,319.1715545,41.6086915,141.8,65.5958924,103.1,88.6,
1984-05-31,36.3909821,60.2539,54.3393864,58.7924925,35.8155843,84,319.1715545,41.660534,142.8,65.4595699,103.4,89,
1984-06-30,36.3909821,60.5901,54.5962062,58.9914627,36.0226108,83.4,319.1715545,41.8677608,142.4,65.6702213,103.7,89.2,
1984-07-31,36.8615417,60.8422,54.9630915,58.8919776,36.1054214,83.6,329.0683987,42.0491022,142.8,65.5540784,104.1,89.1,
1984-08-31,36.8615417,60.8422,55.2566779,58.7924925,36.2917452,82.9,329.0683987,41.9973312,143.9,65.7866805,104.5,89.9,
1984-09-30,36.8615417,60.9262,55.5134193,58.842235,36.5815824,84.2,329.0683987,42.3341285,144.8,65.7465112,105,90.1,
1984-10-31,37.4105743,61.0943,55.8803829,59.1904329,36.9335274,84.8,338.9651614,42.5154699,145.5,66.1623105,105.3,90.7,
1984-11-30,37.4105743,61.4304,56.0638255,59.289918,37.2233645,84.3,338.9651614,42.5931978,146.4,66.5077028,105.3,91,
1984-12-31,37.4105743,61.4304,56.1738911,59.3396605,37.4510936,84.5,338.9651614,42.7745392,148.8,66.4863847,105.3,90.9,
1985-01-31,37.9203704,61.7666,56.4673993,59.6878583,37.86397,84.8,354.4288276,43.085451,149.6,67.1363043,105.5,91.2,
1985-02-28,37.9203704,62.1027,56.7609858,59.9364846,38.3367771,84.4,354.4288276,43.2150214,151,67.6839346,106,91.9,
1985-03-31,37.9203704,62.2708,57.1645596,60.1354548,38.6519818,84.8,354.4288276,43.7072745,152.1,68.0605136,106.4,92.8,
1985-04-30,38.7830723,62.5229,57.5682116,60.2349399,38.9277861,85.3,372.3668271,43.8886159,152.7,67.9775182,106.9,94.8,
1985-05-31,38.7830723,62.691,57.8617198,60.2846824,39.2035902,85.4,372.3668271,44.0181863,154.5,67.9303271,107.3,95.2,
1985-06-30,38.7830723,63.0271,58.081851,60.3345115,39.4399938,85.4,372.3668271,44.3290981,153.9,67.8968002,107.6,95.4,
1985-07-31,39.6850106,63.2792,58.3019822,60.2349399,39.5187949,85.6,382.2635898,44.4844825,153.8,67.7517479,107.8,95.2,
1985-08-31,39.6850106,63.2792,58.3753593,60.0359697,39.5975962,85.4,382.2635898,44.3549836,153.8,67.7371985,108,95.5,
1985-09-30,39.6850106,63.4473,58.4488145,60.1354548,39.8339997,85.5,382.2635898,44.7953942,154.5,67.9460786,108.3,95.4,
1985-10-31,40.4692952,63.6154,58.6321789,60.2349399,40.2280056,86.3,390.9233081,44.8990792,155.5,68.115169,108.7,95.6,
1985-11-30,40.4692952,63.8675,58.7423227,60.3345115,40.5432104,85.6,390.9233081,45.0544636,156.5,68.5968839,109,95.9,
1985-12-31,40.4692952,64.1196,58.8156998,60.3841675,40.7796139,85.7,390.9233081,45.184034,157.1,68.6392672,109.3,96,
1986-01-31,41.4104144,64.4557,58.8523101,60.4836526,40.9766169,86,400.2015894,45.6504016,158.9,68.6101049,109.6,96.2,
1986-02-28,41.4104144,64.7078,58.7055559,60.3345115,41.1342193,85.9,400.2015894,45.831743,159,68.5932149,109.3,96.6,
1986-03-31,41.4104144,64.8759,58.8523101,60.1851974,41.3312222,85.9,400.2015894,46.1167693,158.7,68.6777917,108.8,96.7,
1986-04-30,42.0771008,64.9599,59.0725195,60.1354548,41.4100234,86.1,410.716915,46.4276096,159.7,68.6400895,108.6,97.7,
1986-05-31,42.0771008,65.2961,59.2192736,60.1354548,41.6070264,86.4,410.716915,46.4794521,159.7,68.4309563,108.9,97.8,
1986-06-30,42.0771008,65.3801,59.4027162,60.2349399,41.6858276,85.9,410.716915,47.282617,159.7,68.4172293,109.5,97.8,
1986-07-31,43.1750547,65.8843,59.4760933,59.9364846,41.6858276,85.7,424.9435369,47.7748701,160.1,68.0940407,109.5,97.5,
1986-08-31,43.1750547,66.0524,59.5494704,59.787257,41.8040294,85.5,424.9435369,47.9562115,159.9,68.225429,109.7,97.8,
1986-09-30,43.1750547,66.0524,59.7696015,59.8867421,41.9222311,85.9,424.9435369,48.655763,161.3,68.3441022,110.2,98.3,
1986-10-31,44.4299545,66.3885,59.9163556,59.6878583,42.1192341,86,462.0564988,48.8371044,161.9,68.3608024,110.3,98.5,
1986-11-30,44.4299545,66.7247,59.9897328,59.6381158,42.3162371,85.6,462.0564988,48.9666748,161.9,68.5298297,110.4,99.3,
1986-12-31,44.4299545,66.8087,60.0631098,59.737601,42.4738394,85.4,462.0564988,49.1997871,162.3,68.6667846,110.5,99.6,
1987-01-31,45.2926564,66.9768,60.6135159,59.9863136,42.710243,85.1,473.1903874,49.9770666,164.4,69.0639859,111.2,100,
1987-02-28,45.2926564,67.313,60.7235815,60.0359697,42.9466466,85.1,473.1903874,50.4174773,164.4,69.2667933,111.6,100.4,
1987-03-31,45.2926564,67.5651,60.7969586,60.0359697,43.0648483,85.4,473.1903874,50.9356874,164.7,69.3635158,112.1,100.6,
1987-04-30,45.9592872,67.9012,61.1272335,60.1851974,43.2224507,86.2,488.6541352,51.0911433,165.1,69.4501801,112.7,101.8,
1987-05-31,45.9592872,68.3214,61.2372208,60.2349399,43.4194537,86.4,488.6541352,51.1947567,165.2,69.0653143,113.1,101.9,
1987-06-30,45.9592872,68.4895,61.3473646,60.3345115,43.577056,86.2,488.6541352,51.479783,164.9,69.2858342,113.5,101.9,
1987-07-31,46.7435718,68.9096,61.4941188,60.3345115,43.6558572,85.8,496.6952905,51.6351674,166.9,69.3036099,113.8,101.8,
1987-08-31,46.7435718,68.9937,61.6408729,60.2846824,43.8134595,85.9,496.6952905,51.7128953,167.8,69.5730918,114.4,102.1,
1987-09-30,46.7435718,68.9937,61.6775614,60.1354548,44.0892638,86.6,496.6952905,52.4383323,169.4,69.4077336,115,102.4,
1987-10-31,47.6063293,69.2458,61.8243155,60.2349399,44.4438691,86.6,506.5920532,52.4901748,170.1,69.7138424,115.3,102.9,
1987-11-30,47.6063293,69.4979,61.8976926,60.2349399,44.6014715,86.2,506.5920532,52.6197452,170.7,69.9673831,115.4,103.4,
1987-12-31,47.6063293,69.5819,61.9343812,60.3345115,44.6802726,86.1,506.5920532,52.8528575,170.7,69.9624488,115.4,103.3,
1988-01-31,48.4297947,69.75,62.0444467,60.4339101,44.9166762,85.9,515.8703345,53.4746811,171.6,70.1411547,115.7,103.3,
1988-02-29,48.4297947,70.0021,62.1545123,60.5831377,45.1136791,85.7,515.8703345,53.8374353,172.9,70.4837636,116,103.7,
1988-03-31,48.4297947,70.4223,62.3380332,60.6328803,45.3106821,86,515.8703345,54.6146433,173.7,70.6469711,116.5,104.1,
1988-04-30,49.2533158,70.5904,62.6315414,60.7821079,45.4288839,86.5,520.200112,54.7442137,175.2,70.7818386,117.1,105.8,
1988-05-31,49.2533158,71.0105,62.7782955,60.881593,45.5864862,86.5,520.200112,54.8478271,175.8,70.6100279,117.5,106.2,
1988-06-30,49.2533158,71.1786,62.9617381,60.9810781,45.7440887,86.4,520.200112,55.1587389,176.3,70.7198449,118,106.6,
1988-07-31,50.194435,71.5988,63.1818693,60.9313356,45.8228898,86.2,524.5300528,55.1587389,177.1,70.5587251,118.5,106.7,
1988-08-31,50.194435,71.7669,63.3653902,60.9810781,46.0198928,86.5,524.5300528,55.1068964,177.5,70.8048647,119,107.9,
1988-09-30,50.194435,71.8509,63.5121443,60.9810781,46.2562963,87.1,524.5300528,55.8064479,178.8,70.8232096,119.8,108.4,
1988-10-31,51.2140272,72.187,63.6588984,61.0307341,46.5715011,87.6,530.7155192,55.8582189,180.2,70.9363161,120.2,109.5,
1988-11-30,51.2140272,72.3551,63.7322754,61.1799618,46.8867058,87.2,530.7155192,55.8582189,180.5,71.1969419,120.3,110,
1988-12-31,51.2140272,72.3551,63.842341,61.3291895,47.0837088,87,530.7155192,55.8323334,180.9,71.3257998,120.5,110.3,
1989-01-31,51.7238233,72.7753,64.0991607,61.9959127,47.3989136,86.8,536.2824228,56.2468586,183,71.716865,121.1,111,
1989-02-28,51.7238233,73.1955,64.2826034,62.1961804,47.7929195,86.5,536.2824228,56.454157,184,72.0773761,121.6,111.8,
1989-03-31,51.7238233,73.6157,64.4660461,62.2627923,48.0687236,87,536.2824228,56.9464101,184.7,72.271011,122.3,112.3,
1989-04-30,52.9786675,73.7837,64.869698,62.6632414,48.3051272,88.5,543.0864522,57.2573219,186.5,72.6513853,123.1,114.3,
1989-05-31,52.9786675,74.6241,65.1265177,62.7299396,48.5415307,89,543.0864522,57.4386633,187.3,72.7015494,123.8,115,
1989-06-30,52.9786675,74.9602,65.1998948,62.7967244,48.7385337,88.9,543.0864522,57.7754605,187.9,72.8257895,124.1,115.4,
1989-07-31,54.2335673,75.4645,65.3833374,62.7299396,48.8173349,88.8,561.6429332,57.827303,187.9,72.6646065,124.4,115.5,
1989-08-31,54.2335673,75.5485,65.493403,62.7299396,48.9355367,88.7,561.6429332,57.6458901,188.7,72.905875,124.6,115.8,
1989-09-30,54.2335673,75.6325,65.6401571,62.7967244,49.1719402,89.4,561.6429332,58.1381433,190.2,73.2229907,125,116.6,
1989-10-31,55.213923,75.8846,65.9336654,62.9969058,49.5659462,90.1,569.0656071,58.2158712,191.8,73.5123359,125.6,117.5,
1989-11-30,55.213923,76.1367,66.0438092,63.1304753,49.8417503,89.2,569.0656071,58.2418282,192.2,74.3610142,125.9,118.5,
1989-12-31,55.213923,76.1367,66.1171862,63.3305701,50.0387533,89.3,569.0656071,58.1899858,192.8,74.9077589,126.1,118.8,
1990-01-31,56.1554875,76.725,66.42,63.6642345,50.5115604,89.7,574.0139477,58.6304679,199,75.3486087,127.4,119.5,
1990-02-28,56.1554875,77.2292,66.56,63.9312006,50.9055664,89.8,574.0139477,58.8635803,199.9,75.5929769,128,120.2,
1990-03-31,56.1554875,77.4813,66.72,63.9312006,51.1025693,90.1,574.0139477,59.5372463,205.4,75.8532864,128.7,121.4,
1990-04-30,57.045961,77.4813,67.09,64.0646837,51.2995723,90.9,584.5293549,59.5372463,205.2,76.0093455,128.9,125.1,
1990-05-31,57.045961,77.9015,67.19,64.1981667,51.4571747,91.3,584.5293549,59.6667452,206.4,76.3790292,129.2,126.2,
1990-06-30,57.045961,78.2376,67.18,64.2648649,51.6935783,91,584.5293549,59.8481581,206.2,76.4854304,129.9,126.7,
1990-07-31,57.4911978,78.5738,67.2,64.2648649,51.8511806,90.8,590.0962584,59.899929,208.2,76.5230692,130.4,126.8,
1990-08-31,57.4911978,78.6578,67.64,64.4651328,52.2057859,91.2,590.0962584,59.8481581,209.6,77.3411304,131.6,128.1,
1990-09-30,57.4911978,78.8259,68.12,64.6652276,52.4815901,91.9,590.0962584,60.4181392,212,77.7086,132.7,129.3,
1990-10-31,58.9938719,79.4982,68.42,65.1323751,52.9149966,92.9,596.2817249,60.9103923,213.4,78.1819014,133.5,130.3,
1990-11-30,58.9938719,80.0024,68.31,64.998892,53.2302014,92.7,596.2817249,60.8844353,214.1,78.8642095,133.8,130,
1990-12-31,58.9938719,79.9184,68.26,65.0656767,53.3484031,92.6,596.2817249,60.7289795,213.9,78.8599712,133.8,129.9,
1991-01-31,58.8825627,82.0193,68.64,63.9025662,53.6820211,93.2,599.9930211,60.9881203,218.9,79.4998959,134.6,130.2,
1991-02-28,58.8825627,82.0193,68.82,64.2221296,54.0973558,93,599.9930211,61.1953471,225,80.2901233,134.8,130.9,
1991-03-31,58.8825627,82.3554,68.95,64.2221296,54.408857,93.4,599.9930211,61.6357578,225.8,80.3025853,135,131.4,
1991-04-30,58.9938719,82.3554,69.16,64.461759,54.6165244,94,600.611584,61.8171707,227.1,80.4953977,135.2,133.1,
1991-05-31,58.9938719,82.6916,69.38,64.7013883,54.8241917,94.4,600.611584,61.9207841,227.3,81.1747958,135.6,133.5,
1991-06-30,58.9938719,83.1117,69.55,65.0208652,55.083776,94.1,600.611584,61.9726266,227,81.5081058,136,134.1,
1991-07-31,59.3277994,83.1958,69.73,65.8196873,55.2914434,94,603.0858359,62.0243975,227.1,81.5363192,136.2,133.8,
1991-08-31,59.3277994,83.2798,69.81,65.8196873,55.4471939,94.2,603.0858359,61.9985121,226.7,81.9605318,136.6,134.1,
1991-09-30,59.3277994,83.1117,69.92,65.8196873,55.7067782,94.3,603.0858359,62.4389227,229.2,82.1193111,137.2,134.6,
1991-10-31,59.8843454,83.0277,70.28,66.7782046,55.9663624,95.3,601.8487099,62.4389227,230.1,82.1919321,137.4,135.1,
1991-11-30,59.8843454,83.2798,70.55,67.097768,56.3297804,95.5,601.8487099,62.4648797,231.1,83.1793367,137.8,135.6,
1991-12-31,59.8843454,82.9437,70.32,67.1776156,56.4855309,95.1,601.8487099,62.4648797,230.8,82.9818431,137.9,135.7,
1992-01-31,59.8843454,83.2798,70.44,67.5770267,56.8489488,94.9,604.9414432,62.4648797,230.2,83.3720859,138.1,135.6,
1992-02-29,59.8843454,83.3639,70.74,67.9764378,57.16045,94.8,604.9414432,62.6203356,230.3,83.9671603,138.6,136.3,
1992-03-31,59.8843454,83.616,70.97,68.2160671,57.4200342,95.3,604.9414432,63.1903167,231.3,84.2124141,139.3,136.7,
1992-04-30,59.7173816,83.7,71.12,68.535544,57.6277016,96.3,606.1784875,63.3198156,231.9,84.3467123,139.5,138.8,
1992-05-31,59.7173816,83.8681,71.35,68.6953257,57.8872858,96.4,606.1784875,63.3975436,232,84.5690032,139.7,139.3,
1992-06-30,59.7173816,84.0361,71.31,68.8550209,58.0430363,96.3,606.1784875,63.527114,231.5,84.9050334,140.2,139.3,
1992-07-31,59.7730362,84.2042,71.27,69.0947367,58.14687,95.5,608.6528209,63.5788849,231.2,84.6495315,140.5,138.8,
1992-08-31,59.7730362,84.2042,71.23,69.0947367,58.3026206,95.8,608.6528209,63.4235005,231.3,84.8709368,140.9,138.9,
1992-09-30,59.7730362,84.2042,71.43,69.0148026,58.4064543,96.3,608.6528209,63.7084553,234.6,84.9709488,141.3,139.4,
1992-10-31,60.0513092,84.2883,71.63,69.0947367,58.6660385,96.4,609.8898653,63.8380258,235.1,85.0943033,141.8,139.9,
1992-11-30,60.0513092,84.7084,71.7,69.334366,59.0813733,96.2,609.8898653,63.8639112,234.3,85.9128705,142,139.7,
1992-12-31,60.0513092,84.7084,71.66,69.4142137,59.2371238,96.2,609.8898653,63.8380258,234.9,85.8204496,141.9,139.2,
1993-01-31,60.6078551,85.0446,71.94,70.6123603,59.548625,96.1,610.5083467,64.0452526,241,86.2606668,142.6,137.9,
1993-02-28,60.6078551,85.2967,72.19,71.171553,59.7562923,96.2,610.5083467,64.226594,241.6,86.8143067,143.1,138.8,
1993-03-31,60.6078551,85.2127,72.56,71.3312482,59.9639597,96.4,610.5083467,64.7965751,242.7,87.276601,143.6,139.3,
1993-04-30,60.8304735,85.2127,72.65,71.5709641,60.223544,97.1,614.2196429,64.952031,243.7,87.5418447,144,140.6,
1993-05-31,60.8304735,85.3807,72.75,71.6508117,60.4312113,97.2,614.2196429,64.9779879,243.1,87.5932107,144.2,141.1,
1993-06-30,60.8304735,85.3807,72.71,71.890441,60.7946293,97.1,614.2196429,65.0038734,242.3,87.5707868,144.4,141,
1993-07-31,61.1087465,85.6328,72.77,72.2099179,61.0022967,97.4,617.3124577,64.952031,241.9,87.5165666,144.4,140.7,
1993-08-31,61.1087465,85.7169,72.77,72.2099179,61.0542135,97.6,617.3124577,64.7965751,242.3,87.9480508,144.8,141.3,
1993-09-30,61.1087465,85.7169,73,72.1300703,61.2099641,97.7,617.3124577,65.0816014,244.5,87.8940058,145.1,141.9,
1993-10-31,61.2200557,85.8849,73.13,72.1300703,61.5214652,97.6,618.549502,65.1334438,245.2,87.9594378,145.7,141.8,
1993-11-30,61.2200557,86.3051,73.2,72.2099179,61.7291326,97.1,618.549502,65.0816014,245.3,87.8410119,145.8,141.6,
1993-12-31,61.2200557,86.137,73.17,72.3696997,61.8329663,97.2,618.549502,65.0038734,244.3,87.9508538,145.8,141.9,
1994-01-31,61.4426741,86.137,73.26,72.8489583,62.1444674,97.3,618.549502,64.874303,245.1,88.0536881,146.2,141.3,
1994-02-28,61.4426741,85.4648,73.47,73.4086174,62.4040516,97.3,618.549502,65.1334438,245.9,88.4111561,146.7,142.1,
1994-03-31,61.4426741,85.3807,73.64,73.5018939,62.5598022,97.7,618.549502,65.4702411,246.8,88.4125576,147.2,142.5,
1994-04-30,61.8879109,85.3807,73.84,73.5951704,62.6636359,97.9,621.0237539,65.5220121,247.8,88.4587192,147.4,144.2,
1994-05-31,61.8879109,85.2127,74,73.7817235,63.0270538,98,621.0237539,65.5738545,248.3,87.9095974,147.5,144.7,
1994-06-30,61.8879109,85.3807,73.97,73.875,63.1308875,97.6,621.0237539,65.7293104,248.4,88.0479946,148,144.7,
1994-07-31,62.277493,85.7169,73.96,74.061553,63.286638,97.2,628.4462647,65.8588093,248.4,88.0327534,148.4,144,
1994-08-31,62.277493,85.8009,73.95,74.2481061,63.3904718,97.6,628.4462647,65.8588093,248.5,88.3783962,149,144.7,
1994-09-30,62.277493,85.8849,74.18,74.061553,63.5981391,97.9,628.4462647,66.1697211,250.7,88.4142218,149.4,145,
1994-10-31,62.7783844,85.7169,74.34,73.9682765,63.9096402,98.4,635.8689387,66.2215636,251,88.3414319,149.5,145.2,
1994-11-30,62.7783844,86.2211,74.35,74.061553,64.1692244,98.1,635.8689387,66.273406,250.8,88.3351252,149.7,145.3,
1994-12-31,62.7783844,86.3051,74.33,74.2481061,64.324975,97.8,635.8689387,66.247449,250.4,88.320322,149.7,146,
1995-01-31,63.8358217,86.6413,74.52,74.5279356,64.5845593,97.8,643.2915311,66.5842463,251.3,88.947314,150.3,146,
1995-02-28,63.8358217,87.0614,74.75,74.9010417,65.0518109,97.5,643.2915311,66.8174301,252.3,89.7403831,150.9,146.9,
1995-03-31,63.8358217,87.2295,74.98,74.9010417,65.6228962,97.4,643.2915311,67.2060699,253.3,89.7953916,151.4,147.5,
1995-04-30,64.6706407,87.4816,75.07,74.9943182,65.8824805,97.7,649.4769975,67.2579123,255,89.870897,151.9,149,
1995-05-31,64.6706407,87.7337,75.18,74.9943182,66.2978152,97.9,649.4769975,67.3356403,255.3,89.7015793,152.2,149.6,
1995-06-30,64.6706407,87.7337,75.18,75.0875947,66.71315,97.8,649.4769975,67.5169816,255.1,89.8796562,152.5,149.8,
1995-07-31,65.449805,87.9018,75.04,75.2741477,66.8169837,97.3,650.7141234,67.4651392,254.8,89.8190418,152.5,149.1,
1995-08-31,65.449805,87.7337,75.4,75.2741477,67.0246511,97.4,650.7141234,67.3356403,254.5,90.1036321,152.9,149.9,
1995-09-30,65.449805,87.8178,75.67,75.2741477,67.1804016,98,650.7141234,67.7242085,256.2,90.180714,153.2,150.6,
1995-10-31,65.9506964,87.7337,75.75,75.0875947,67.4399859,97.7,654.4254196,67.7242085,256.9,90.0828725,153.7,149.8,
1995-11-30,65.9506964,87.9858,75.81,75.0875947,67.8034039,97.4,654.4254196,67.6724375,256.8,90.0157761,153.6,149.8,
1995-12-31,65.9506964,87.8178,75.88,75.3674242,67.9072375,97.4,654.4254196,67.6724375,256,90.0408278,153.5,150.7,
1996-01-31,66.2289694,88.0699,75.97,75.5539773,68.1894056,97.3,657.5181529,67.3615258,255.6,90.2979138,154.4,150.2,69.4
1996-02-29,66.2289694,88.1539,76.26,76.0203599,68.4555106,97.1,657.5181529,67.3874112,255.8,90.4425303,154.9,150.9,69.7
1996-03-31,66.2289694,88.4901,76.75,76.0203599,68.7216155,97.3,657.5181529,67.698323,257,90.6022126,155.7,151.5,70
1996-04-30,66.6742061,88.7422,76.84,76.0203599,68.9877206,97.9,662.466575,67.9315068,257.6,90.689981,156.3,152.6,70.19
1996-05-31,66.6742061,88.9943,77,76.1136364,69.2538256,98.1,662.466575,68.0351203,257.3,90.3587911,156.6,152.9,70.37
1996-06-30,66.6742061,88.9943,76.91,76.2069129,69.3868781,97.8,662.466575,68.1128482,256.3,90.5351162,156.7,153,70.39
1996-07-31,66.7855153,88.9943,76.77,76.3001894,69.3203518,97.7,666.1778712,68.3719175,255.7,90.4085441,157,152.4,70.28
1996-08-31,66.7855153,88.9943,76.62,76.3001894,69.3868781,97.6,666.1778712,68.3201466,254.5,90.6423304,157.3,153.1,70.32
1996-09-30,66.7855153,89.1623,76.85,76.3001894,69.4534043,98,666.1778712,68.6310584,256,90.6951491,157.8,153.8,70.53
1996-10-31,66.9524791,89.3304,77.05,76.3001894,69.5199305,98.2,671.1262117,68.8901277,255.9,90.8396779,158.3,153.8,70.58
1996-11-30,66.9524791,89.7506,76.98,76.2069129,69.7860356,97.9,671.1262117,68.8901277,255.3,90.67255,158.6,153.9,70.61
1996-12-31,66.9524791,89.7506,77.14,76.4867424,69.8525619,98,671.1262117,68.8641707,254.9,90.7443764,158.6,154.4,70.8
1997-01-31,67.0637883,89.9187,77.31,77.139678,70.0521406,97.9,669.2706044,69.3823808,254.6,91.047449,159.1,154.4,70.92
1997-02-28,67.0637883,90.0867,77.47,77.2329546,70.1186668,97.7,669.2706044,69.5896077,254.2,91.2070438,159.6,155,71.07
1997-03-31,67.0637883,90.2548,77.53,77.2329546,70.3182455,97.8,669.2706044,69.7710205,255.2,91.0758291,160,155.4,71.19
1997-04-30,66.8968245,90.2548,77.56,77.139678,70.3847718,99.8,669.8890858,69.6932926,257,91.16351,160.2,156.3,71.22
1997-05-31,66.8968245,90.3389,77.67,77.3262311,70.5843506,100,669.8890858,69.874634,257,90.8798832,160.1,156.9,71.43
1997-06-30,66.8968245,90.5069,77.65,77.4195076,70.5843506,100,669.8890858,70.0559753,257.4,90.9711553,160.3,157.5,71.47
1997-07-31,66.6185515,90.5069,77.55,78.0724432,70.5843506,99.6,672.9819006,69.9005195,257.3,90.8722625,160.5,157.5,71.45
1997-08-31,66.6185515,90.675,77.75,78.1657197,70.6508769,99.7,672.9819006,69.874634,257.4,91.072413,160.8,158.5,71.61
1997-09-30,66.6185515,90.591,77.89,77.9791667,70.717403,100.4,672.9819006,70.1855458,259.8,91.0706611,161.2,159.3,71.74
1997-10-31,66.7855153,90.675,77.85,77.8858901,70.9169818,100.7,676.6931968,70.3668871,259.6,91.0774933,161.6,159.5,71.78
1997-11-30,66.7855153,90.5069,77.98,77.8858901,71.1830868,100,676.6931968,70.4446151,259.2,91.0506023,161.5,159.6,71.87
1997-12-31,66.7855153,90.4229,78.02,78.0724432,71.1830868,99.8,676.6931968,70.4705005,259.1,91.0949245,161.3,160,71.95
1998-01-31,66.9524791,90.9271,77.78,78.0724432,71.3826656,99.7,677.9303227,70.7814123,256.9,91.0614639,161.6,159.5,71.83
1998-02-28,66.9524791,91.0111,78.07,78.2589962,71.5822443,99.6,677.9303227,71.0145962,256.6,91.1732328,161.9,160.3,72
1998-03-31,66.9524791,91.0952,78.2,78.1657197,71.7818231,100,677.9303227,71.4032359,257,91.1059612,162.2,160.8,72.13
1998-04-30,67.3420613,91.0111,78.36,78.2589962,71.8483493,100.2,681.023056,71.4550068,257.7,91.1430131,162.5,162.6,72.35
1998-05-31,67.3420613,91.3473,78.38,78.3522727,71.9814018,100.5,681.023056,71.3513934,258.1,90.9547753,162.8,163.5,72.54
1998-06-30,67.3420613,91.4313,78.44,78.4455492,72.047928,100.1,681.023056,71.5068493,257.6,91.062953,163,163.4,72.55
1998-07-31,67.5090251,91.4313,78.18,78.7253788,72.047928,99.5,684.7343522,71.5783562,257,90.9404976,163.2,163,72.47
1998-08-31,67.5090251,91.4313,78.23,78.5388258,72.1144543,99.4,684.7343522,71.3638356,255.7,91.1995984,163.4,163.7,72.53
1998-09-30,67.5090251,91.2633,78.2,78.3522727,72.1144543,100.2,684.7343522,71.8643836,256.8,91.126896,163.6,164.4,72.58
1998-10-31,67.8429527,91.5994,78.16,78.2589962,72.2475068,100.9,679.1673671,71.9358904,257.3,91.1086765,164,164.5,72.57
1998-11-30,67.8429527,91.5994,78.11,78.2589962,72.3140331,100.8,679.1673671,72.0073973,256.7,90.9609069,164,164.4,72.58
1998-12-31,67.8429527,91.3473,78.19,78.3522727,72.3805593,100.4,679.1673671,72.0789041,256.2,90.9414612,163.9,164.4,72.65
1999-01-31,67.7872981,91.5154,77.97,78.2589962,72.4470855,99.9,677.3116782,72.3649315,256.2,91.1279471,164.3,163.4,72.52
1999-02-28,67.7872981,91.6834,78.21,78.3522727,72.5801381,99.5,677.3116782,72.5079452,256.3,91.4358373,164.5,163.7,72.67
1999-03-31,67.7872981,92.0196,78.47,78.3522727,72.7131906,99.6,677.3116782,73.0084932,257.3,91.531489,165,164.1,72.95
1999-04-30,68.065571,92.5238,78.69,78.7253788,72.9127693,100.1,678.5488041,73.2230137,257.9,91.684164,166.2,165.2,73.22
1999-05-31,68.065571,92.7759,78.7,78.7253788,73.0458218,100.1,678.5488041,73.08,258.3,91.4784075,166.2,165.6,73.3
1999-06-30,68.065571,92.8599,78.69,78.8186553,73.0458218,99.8,678.5488041,73.1515068,258.7,91.5857968,166.2,165.6,73.28
1999-07-31,68.6777716,93.1121,78.48,79.1917614,73.2454005,99.4,681.2630101,72.9369863,257.6,91.6089214,166.7,165.1,73.26
1999-08-31,68.6777716,93.3642,78.61,79.0984849,73.3119268,99.7,681.2630101,72.7224658,257.6,92.0623039,167.1,165.5,73.37
1999-09-30,68.6777716,93.6163,78.74,78.9119318,73.4449793,100,681.2630101,73.3660274,259.4,92.236264,167.9,166.2,73.5
1999-10-31,69.0673538,93.7003,78.79,78.8186553,73.7110843,100.2,682.6201131,73.7235616,259.7,92.2353004,168.2,166.5,73.52
1999-11-30,69.0673538,93.6163,78.82,79.0052083,73.8441368,99.6,682.6201131,74.009589,259,92.1473569,168.3,166.7,73.61
1999-12-31,69.0673538,93.7003,79.17,79.2850379,73.910663,99.3,682.6201131,74.0810959,259.6,92.4584003,168.3,167.3,73.86
2000-01-31,69.6795543,93.6163,79.17,79.4715909,74.0437155,99.2,687.3699328,74.4386301,257.5,92.5726219,168.8,166.6,73.75
2000-02-29,69.6795543,94.1205,79.27,79.5648674,74.3098205,98.9,687.3699328,74.7961644,258.7,92.9205421,169.8,167.5,73.98
2000-03-31,69.6795543,94.7928,79.64,79.5648674,74.5093992,99.1,687.3699328,74.8676712,259.9,92.8887458,171.2,168.4,74.24
2000-04-30,70.2361003,94.4566,79.64,79.5648674,74.5759255,99.3,692.1198341,75.1536986,260,92.9699447,171.3,170.1,74.34
2000-05-31,70.2361003,94.9608,79.8,79.4715909,74.8420305,99.4,692.1198341,75.1536986,261.3,92.9242211,171.5,170.7,74.46
2000-06-30,70.2361003,95.5491,80,79.844697,75.0416093,99.2,692.1198341,75.5827397,261.2,93.2700851,172.4,171.1,74.68
2000-07-31,72.8518663,95.8852,79.87,80.217803,75.1746618,98.9,701.6194734,75.3682192,260,93.3392206,172.8,170.5,74.66
2000-08-31,72.8518663,95.7172,80.02,80.03125,75.2411881,99.2,701.6194734,75.2967123,260.2,93.0977105,172.8,170.5,74.71
2000-09-30,72.8518663,96.1374,80.43,80.217803,75.3742405,99.1,701.6194734,75.940274,262,93.564376,173.7,171.7,75.09
2000-10-31,73.0744847,96.3054,80.33,80.1245265,75.6403456,99.1,709.7620914,76.0117808,262.6,93.4641109,174,171.6,75.12
2000-11-30,73.0744847,96.6416,80.51,80.217803,75.8399242,98.8,709.7620914,76.3693151,262.7,93.9095895,174.1,172.1,75.28
2000-12-31,73.0744847,96.7256,80.47,80.8707386,75.9064505,98.9,709.7620914,76.2978082,262.5,93.839153,174,172.2,75.5
2001-01-31,73.853649,96.3895,80.13,80.5909091,76.2390817,98.9,708.4049884,76.9413699,261.7,93.7718758,175.1,171.1,75.12
2001-02-28,73.853649,96.8096,80.35,81.0572917,76.5051867,98.6,708.4049884,77.5134247,262.6,93.6450343,175.8,172,75.34
2001-03-31,73.853649,97.1458,80.71,81.0572917,76.571713,98.4,708.4049884,77.6564384,264.6,93.7951998,176.2,172.2,75.72
2001-04-30,74.4658496,97.8181,81.1,81.4303977,76.9043443,98.6,714.5119111,78.0139726,266.9,94.0544584,176.9,173.1,76.18
2001-05-31,74.4658496,98.6584,81.6,81.7102273,77.103923,98.7,714.5119111,78.3715068,268.7,94.565077,177.7,174.2,76.58
2001-06-30,74.4658496,98.7425,81.65,81.8035038,77.3035018,98.4,714.5119111,78.4430137,268.3,94.744142,178,174.4,76.69
2001-07-31,74.688468,98.4063,81.48,81.8967803,77.370028,98.1,718.58322,77.370411,266.9,94.6008528,177.5,173.3,76.44
2001-08-31,74.688468,98.4063,81.48,81.7102273,77.370028,98.5,718.58322,77.2989041,267.6,94.0760168,177.5,174,76.44
2001-09-30,74.688468,98.6584,81.63,81.7102273,77.370028,98.3,718.58322,77.7279452,269.9,94.1958891,178.3,174.6,76.67
2001-10-31,75.3563231,98.1542,81.68,81.6169508,77.5030805,98.3,722.654529,77.6564384,269.1,94.0531574,177.7,174.3,76.69
2001-11-30,75.3563231,97.3139,81.46,81.4303977,77.636133,97.8,722.654529,77.7279452,269.2,94.1790698,177.4,173.6,76.62
2001-12-31,75.3563231,97.3979,81.56,82.1766099,77.7026593,97.7,722.654529,77.8709589,269.5,94.1443161,176.7,173.4,76.93
2002-01-31,76.0241783,97.65,81.94,82.2698864,78.0352905,97.5,726.725838,77.9424658,268.8,94.2607502,177.1,173.3,76.96
2002-02-28,76.0241783,98.2383,82.04,82.5497159,78.3013955,97,726.725838,78.1569863,269.4,94.2578695,177.8,173.8,77.08
2002-03-31,76.0241783,98.9105,82.4,82.7362689,78.5009743,97.2,726.725838,78.4430137,271.8,94.2731091,178.8,174.5,77.5
2002-04-30,76.5807242,99.4988,82.71,82.6429924,78.700553,97.5,734.1898637,78.4430137,272.9,95.0864748,179.8,175.7,77.85
2002-05-31,76.5807242,99.6669,82.81,82.7362689,78.9001318,97.8,734.1898637,78.6575342,273.6,95.1778193,179.8,176.2,77.99
2002-06-30,76.5807242,100.003,82.8,82.7362689,78.966658,97.7,734.1898637,78.7290411,273.2,95.0529292,179.9,176.2,77.96
2002-07-31,77.0816156,100.5072,82.8,82.8295454,79.0997105,97.3,737.5825804,78.5860274,272.3,94.5519746,180.1,175.9,77.85
2002-08-31,77.0816156,100.9274,82.99,82.7362689,79.232763,97.6,737.5825804,78.3715068,272.4,94.5205662,180.7,176.4,77.93
2002-09-30,77.0816156,100.9274,83.14,82.7362689,79.3658155,97.6,737.5825804,78.8005479,274.5,94.6638554,181,177.6,78.14
2002-10-31,77.6381616,101.2635,83.27,82.6429924,79.5653942,97.4,742.3324001,79.0865753,275.4,95.2167546,181.3,177.9,78.32
2002-11-30,77.6381616,101.5157,83.27,82.3631629,79.8314992,97.4,742.3324001,79.3726027,274.7,95.0413137,181.3,178.2,78.27
2002-12-31,77.6381616,101.1795,83.41,83.109375,79.8980254,97.4,742.3324001,80.0161644,275.1,94.9830501,180.9,178.5,78.62
2003-01-31,78.6399443,102.0199,83.57,83.109375,80.2306567,97.1,745.046606,81.8753425,276,95.0589692,181.7,178.4,78.5
2003-02-28,78.6399443,102.7762,84.15,83.5757576,80.3637092,96.8,745.046606,81.9468493,278.4,95.1526368,183.1,179.3,78.82
2003-03-31,78.6399443,103.1964,84.49,83.6690341,80.6298143,97.1,745.046606,81.3747945,279.8,95.5354691,184.2,179.9,79.25
2003-04-30,78.6399443,102.4401,84.37,83.3892046,80.829393,97.4,745.046606,80.7312329,278.8,95.7253288,183.8,181.2,79.38
2003-05-31,78.6399443,102.5241,84.27,83.2026515,81.0289717,97.6,745.046606,80.3021918,278.5,95.5719108,183.5,181.5,79.34
2003-06-30,78.6399443,102.6081,84.43,83.4824811,81.0954979,97.3,745.046606,80.0876712,277.7,95.5739553,183.7,181.3,79.39
2003-07-31,79.0851811,102.6922,84.34,83.6690341,81.2285505,97.1,748.4394043,79.8016438,276.8,94.807804,183.9,181.3,79.28
2003-08-31,79.0851811,102.9443,84.54,83.6690341,81.4281292,97.3,748.4394043,80.0161644,276.7,95.0284901,184.6,181.6,79.42
2003-09-30,79.0851811,103.1123,84.86,83.5757576,81.5611817,97.4,748.4394043,80.4452055,278.7,95.1661109,185.2,182.5,79.71
2003-10-31,79.4747632,102.8602,85.04,83.5757576,81.6277079,97.4,753.8677347,80.3736986,278.9,95.6487592,185,182.6,79.82
2003-11-30,79.4747632,103.1123,85.14,83.3892046,81.8272867,96.9,753.8677347,80.5167123,278.3,95.5285153,184.5,182.7,79.84
2003-12-31,79.4747632,103.1964,85.23,84.0421401,81.8938129,97,753.8677347,80.5167123,278.6,95.5471001,184.3,183.5,80.08
2004-01-31,80.198273,103.2804,85.23,84.0421401,82.0268654,96.8,756.5819407,80.3736986,278,95.2229804,185.2,183.1,79.84
2004-02-29,80.198273,103.5325,85.59,84.2286932,82.2264442,96.8,756.5819407,80.5167123,277.3,95.2389635,186.2,183.8,80.03
2004-03-31,80.198273,103.8687,85.93,84.5085227,82.4925492,97,756.5819407,80.8742466,279.4,95.4428392,187.4,184.6,80.47
2004-04-30,80.5878551,104.1208,86.15,84.7883523,82.692128,97,762.6889449,81.0172603,279.4,96.2479346,188,185.7,80.85
2004-05-31,80.5878551,105.0452,86.47,84.9749053,82.8917067,97.1,762.6889449,81.0887671,280.1,96.4703022,189.1,186.5,81.16
2004-06-30,80.5878551,105.1292,86.5,84.9749053,83.0247592,97.3,762.6889449,81.0887671,279.8,96.6367296,189.7,186.8,81.2
2004-07-31,80.9217827,105.0452,86.36,85.1614583,83.0912855,97,767.4387646,81.0172603,278.5,95.6254352,189.4,186.8,81.03
2004-08-31,80.9217827,104.8771,86.55,85.2547349,83.2908642,97.1,767.4387646,80.8027397,278.2,95.9797554,189.5,187.4,81.17
2004-09-30,80.9217827,104.9611,86.63,85.0681818,83.2908642,97.4,767.4387646,81.3032877,280.2,95.9852377,189.9,188.1,81.27
2004-10-31,81.5339833,105.2132,86.85,85.1614583,83.2908642,97.9,774.224198,81.5178082,281,96.885209,190.9,188.6,81.58
2004-11-30,81.5339833,105.6334,86.9,84.9749053,83.3573904,97.7,774.224198,81.5178082,279.4,96.9781332,191,189,81.56
2004-12-31,81.5339833,105.3813,87,85.9076704,83.5569691,97.2,774.224198,81.3747945,279.4,96.8195115,190.3,189.9,81.85
2005-01-31,82.0905293,105.2973,86.52,85.2547349,83.5569691,97,777.6169147,81.2317808,277.9,96.3702229,190.7,188.9,81.42
2005-02-28,82.0905293,105.7175,87.05,85.6278409,83.8230742,96.7,777.6169147,81.3032877,279.2,96.5819972,191.8,189.6,81.69
2005-03-31,82.0905293,106.3057,87.6,86.000947,84.0891792,97,777.6169147,81.6608219,279.8,96.8183035,193.3,190.5,82.21
2005-04-30,82.5914206,106.6419,87.77,85.8143939,84.2222317,97.1,784.4024297,82.089863,280.2,97.6108541,194.6,191.6,82.55
2005-05-31,82.5914206,106.7259,87.83,86.000947,84.4883366,97.2,784.4024297,82.3758904,280.3,97.5139342,194.4,192,82.75
2005-06-30,82.5914206,106.894,87.93,86.0942235,84.4883366,96.8,784.4024297,82.4473973,280.4,97.294726,194.5,192.2,82.83
2005-07-31,83.370585,107.1461,87.8,86.4673296,84.8209679,96.7,793.2235583,82.1613699,279.4,96.762549,195.4,192.2,82.77
2005-08-31,83.370585,107.5663,88.14,86.5606061,84.9540204,96.8,793.2235583,82.3043836,279.9,96.9018424,196.4,192.6,82.95
2005-09-30,83.370585,108.4907,88.48,86.6538826,84.9540204,97.1,793.2235583,82.9479452,281.9,97.3258556,198.8,193.1,83.33
2005-10-31,83.8158217,107.9864,88.46,86.7471591,85.1535992,97.1,798.6519703,82.9479452,282.4,98.1769485,199.2,193.3,83.53
2005-11-30,83.8158217,107.7343,88.28,86.4673296,85.2201254,96.7,798.6519703,82.9479452,281.7,97.9009636,197.6,193.6,83.38
2005-12-31,83.8158217,107.6503,88.39,87.1202651,85.2201254,96.8,798.6519703,82.8764384,281.8,97.7939149,196.8,194.1,83.62
2006-01-31,84.5393315,108.2386,88.3,86.8404356,85.4197042,96.9,802.5658654,82.6619178,279.59,97.6141696,198.3,193.4,83.28
2006-02-28,84.5393315,108.0705,88.64,87.2135417,85.6192829,96.6,802.5658654,83.3769863,280.9,97.9183087,198.7,194.2,83.52
2006-03-31,84.5393315,108.6587,88.89,87.2135417,85.8188617,96.8,802.5658654,83.5915068,282.89,97.8143538,199.8,195,83.92
2006-04-30,85.8750418,109.247,89.27,87.4933712,86.0849666,97,815.6157169,84.3065753,284.34,98.6446241,201.5,196.5,84.47
2006-05-31,85.8750418,109.7,89.65,87.4933712,86.3510717,97.3,815.6157169,84.3065753,284.76,98.8419722,202.5,197.7,84.76
2006-06-30,85.8750418,109.5831,89.65,87.6799242,86.417598,97.3,815.6157169,84.1635616,284.68,98.8145899,202.9,198.5,84.85
2006-07-31,86.6542061,109.6672,89.5,88.0530303,86.6837029,97,821.3250269,83.9490411,284.19,98.1409855,203.5,198.5,84.76
2006-08-31,86.6542061,109.8352,89.8,87.8664773,86.8167554,97.7,821.3250269,83.8775342,284.38,98.3089954,203.9,199.2,84.91
2006-09-30,86.6542061,109.247,89.6,87.5866477,86.7502292,97.7,821.3250269,85.0931507,286.04,98.098543,202.9,200.1,84.95
2006-10-31,86.5428969,108.9949,89.4,87.6799242,86.6837029,97.5,819.6937955,85.1646575,286.07,98.4308466,201.8,200.4,85.02
2006-11-30,86.5428969,109.247,89.5,87.6799242,86.7502292,97,819.6937955,85.0931507,286.43,98.3881107,201.5,201.1,85.08
2006-12-31,86.5428969,109.4151,89.71,88.3328599,86.8167554,97.1,819.6937955,84.7356164,286.43,98.401215,201.8,202.7,85.4
2007-01-31,86.5985515,109.4991,89.4,88.3328599,86.8832816,96.9,823.7718741,83.6630137,285.01,97.7139226,202.416,201.6,85.03
2007-02-28,86.5985515,110.2554,89.57,88.7059659,87.1493867,96.4,823.7718741,84.0205479,286.5,97.9071723,203.499,203.1,85.31
2007-03-31,86.5985515,111.1798,89.95,88.8925189,87.2824391,96.7,823.7718741,84.5210959,288.3,97.9834577,205.352,204.4,85.83
2007-04-30,87.6559889,111.6,90.39,89.3589015,87.4154916,97,831.9280312,84.5210959,289.8,99.092515,206.686,205.4,86.31
2007-05-31,87.6559889,112.1,90.61,89.3589015,87.6815967,97.3,831.9280312,84.5926027,289.5,99.3243276,207.949,206.2,86.54
2007-06-30,87.6559889,111.9,90.72,89.3589015,87.8811754,97.1,831.9280312,84.5210959,290,99.4380659,208.352,207.3,86.65
2007-07-31,88.2681894,112,90.49,89.8252841,88.0807542,97,836.0061098,84.3065753,289.5,98.8480635,208.299,206.1,86.42
2007-08-31,88.2681894,111.7,90.86,89.7320076,88.2138066,97.5,836.0061098,84.2350685,289.4,98.7375647,207.917,207.3,86.53
2007-09-30,88.2681894,111.9,90.96,89.9185606,88.2138066,97.5,836.0061098,84.8071233,292.3,98.8315565,208.49,208,86.85
2007-10-31,89.1030084,111.6,91.19,90.1051136,88.4799117,97.8,845.7934984,85.0216438,293.9,99.675417,208.936,208.9,87.3
2007-11-30,89.1030084,111.9,91.69,90.5714962,88.8125429,97.6,845.7934984,86.380274,295.8,100.1298667,210.177,209.7,87.75
2007-12-31,89.1030084,112,92.03,91.1311553,89.0786479,97.8,845.7934984,87.0953425,296.3,100.373292,210.036,210.9,88.11
2008-01-31,90.2717549,111.8,91.92,90.8513258,89.4778054,97.6,851.5028084,86.7378082,294.1,100.0847648,211.08,209.8,87.92
2008-02-29,90.2717549,112.2,92.12,91.2244318,89.6773841,97.4,851.5028084,87.1668493,295.3,100.2223007,211.693,211.4,88.3
2008-03-31,90.2717549,112.6,92.81,91.6908144,90.1430679,97.9,851.5028084,87.2383562,298.1,100.561282,213.528,212.1,89.04
2008-04-30,91.6074652,113.5,93.12,91.5042614,90.3426466,97.8,865.3682756,87.1668493,299.7,101.3557929,214.823,214,89.41
2008-05-31,91.6074652,114.6,93.62,92.0639204,90.8083304,98.6,865.3682756,87.2383562,301,102.1605902,216.632,215.1,89.97
2008-06-30,91.6074652,115.4,93.96,92.2504735,91.2074879,99,865.3682756,87.3813699,302.5,102.3334096,218.815,216.8,90.34
2008-07-31,92.6649025,115.8,93.76,92.8101326,91.6731716,99.2,878.4181271,87.9534247,301.5,101.8874311,219.964,216.5,90.26
2008-08-31,92.6649025,115.6,93.73,92.530303,91.8062241,99.5,878.4181271,88.0249315,302,101.6220964,219.086,217.2,90.23
2008-09-30,92.6649025,115.7,93.67,92.4370265,91.5401191,99.5,878.4181271,89.3120548,305.1,101.7245716,218.783,218.4,90.48
2008-10-31,92.3866295,114.5,93.62,92.2504735,91.5401191,99.4,874.3400485,89.669589,305.6,102.2650714,216.573,217.7,90.51
2008-11-30,92.3866295,114.1,93.18,91.7840909,91.2074879,98.6,874.3400485,89.1690411,303.1,101.5839476,212.425,216,90.17
2008-12-31,92.3866295,113.3,92.95,92.157197,91.0744353,98.2,874.3400485,88.9545205,299,101.0768782,210.228,212.9,90.01
2009-01-31,92.4979387,113,92.57,91.6908144,90.9413829,97.6,876.7868957,88.6684932,297.9,100.2240202,211.143,210.1,89.46
2009-02-28,92.4979387,113.8,92.92,92.2504735,91.1409616,97.3,876.7868957,89.3835616,298,100.4603105,212.193,211.4,89.93
2009-03-31,92.4979387,114,93.09,92.0639204,91.2074879,97.6,876.7868957,89.4550685,298.8,100.1347577,212.709,211.3,90.25
2009-04-30,92.9431755,113.9,93.24,92.157197,91.4070667,97.7,881.68059,89.669589,299.3,101.0175007,213.24,211.5,90.55
2009-05-31,92.9431755,114.7,93.38,92.0639204,91.6066453,97.5,881.68059,89.8841096,299.5,101.1786104,213.856,212.8,90.72
2009-06-30,92.9431755,115.1,93.5,92.34375,91.6731716,97.3,881.68059,90.3846575,300.2,101.3602073,215.693,213.4,90.9
2009-07-31,93.833649,114.7,93.08,92.34375,91.6731716,97,893.09921,89.8841096,298.8,100.6874561,215.351,213.4,90.48
2009-08-31,93.833649,114.7,93.56,92.530303,91.9392766,97.3,893.09921,89.669589,299.4,100.7989554,215.834,214.4,90.74
2009-09-30,93.833649,114.7,93.33,92.2504735,91.7396979,97.3,893.09921,90.3846575,300.4,100.7860924,215.969,215.3,90.77
2009-10-31,94.3345404,114.6,93.42,92.2504735,91.8062241,96.9,891.4679786,90.2416438,301.1,101.4125169,216.177,216,90.95
2009-11-30,94.3345404,115.2,93.55,92.157197,91.8062241,96.7,891.4679786,90.5276712,301,101.6082716,216.33,216.6,91.1
2009-12-31,94.3345404,114.8,93.8,92.9034091,92.0058028,96.5,891.4679786,90.7421918,301.7,101.3626171,215.949,218,91.39
2010-01-31,95.1693593,115.1,93.59,92.34375,92.1388554,96.6,894.7304414,90.8852055,299.8,101.25,216.687,217.9,90.94
2010-02-28,95.1693593,115.6,94.11,92.7168561,92.2053816,96.6,894.7304414,92.0293151,301.6,101.4,216.741,219.2,91.24
2010-03-31,95.1693593,115.6,94.57,93.1832386,92.4714866,96.8,894.7304414,92.4583562,302.3,101.54,217.631,220.7,92.07
2010-04-30,95.7815599,116,94.81,93.2765151,92.8041178,96.9,897.1772886,92.6728767,302.4,102.41,218.009,222.8,92.47
2010-05-31,95.7815599,116.3,94.92,93.1832386,92.8706441,96.8,897.1772886,92.1723288,302.9,102.3,218.178,223.6,92.6
2010-06-30,95.7815599,116.2,94.91,93.1832386,92.8706441,96.6,897.1772886,92.1008219,303,101.86,217.965,224.1,92.64
2010-07-31,96.449415,116.8,94.64,93.3697917,93.2032753,96.1,906.1490615,91.600274,302,101.11,218.011,223.6,92.38
2010-08-31,96.449415,116.7,94.86,93.4630682,93.4028541,96.2,906.1490615,91.3857534,302.1,101.1,218.312,224.5,92.56
2010-09-30,96.449415,116.9,94.79,93.3697917,93.2032753,96.4,906.1490615,91.9578082,304.6,101.08,218.439,225.3,92.81
2010-10-31,96.8389972,117.4,94.91,93.4630682,93.4028541,96.7,927.3550701,92.0293151,305.6,101.61,218.711,225.8,93.09
2010-11-30,96.8389972,117.5,95.02,93.5563447,93.4028541,96.4,927.3550701,92.2438356,306.6,101.86,218.803,226.8,93.23
2010-12-31,96.8389972,117.5,95.45,94.1160038,93.7354853,96.2,927.3550701,93.2449315,308.7,101.89,219.179,228.4,93.83
2011-01-31,98.3416713,117.8,95.22,93.9294508,94.1197409,96.1,934.6956116,92.7443836,306.2,101.54,220.223,229,93.44
2011-02-28,98.3416713,118.1,95.67,94.4891099,94.3987521,96.1,934.6956116,93.1019178,308,101.92,221.309,231.3,93.88
2011-03-31,98.3416713,119.4,96.45,95.0487689,94.7707668,96.3,934.6956116,93.3879452,310.1,102.56,223.467,232.5,94.9
2011-04-30,99.2321448,119.8,96.78,95.0487689,95.2357853,96.5,943.6673845,93.8884932,311.4,102.67,224.906,234.4,95.48
2011-05-31,99.2321448,120.6,96.83,95.0487689,95.328789,96.4,943.6673845,93.6739726,312,102.68,225.964,235.2,95.56
2011-06-30,99.2321448,119.8,96.91,95.1420454,95.4217927,96.3,943.6673845,93.3164384,311.3,102.43,225.722,235.2,95.51
2011-07-31,99.8443454,120,96.48,95.3285985,95.7008038,96.3,947.745463,93.1019178,311.1,101.59,225.922,234.7,95.1
2011-08-31,99.8443454,120.3,96.98,95.421875,95.9798149,96.4,947.745463,92.529863,311.2,101.29,226.545,236.1,95.3
2011-09-30,99.8443454,120.6,96.91,95.608428,95.9798149,96.4,947.745463,93.3879452,313.4,101.57,226.889,237.9,95.9
2011-10-31,99.8443454,120.8,97.14,95.608428,96.5378371,96.5,944.4830002,93.3164384,313.4,101.5,226.421,238,96.2
2011-11-30,99.8443454,120.9,97.41,95.7949811,96.4448334,95.9,944.4830002,93.3164384,314.2,101.32,226.23,238.5,96.35
2011-12-31,99.8443454,120.2,97.8,95.9815341,96.8168481,96,944.4830002,93.3879452,314.8,101.16,225.672,239.4,96.68
2012-01-31,99.9,120.7,97.46,95.8882576,97.0958593,96.2,949.3766945,93.2449315,311.9,100.73,226.665,239,96.14
2012-02-29,99.9,121.2,97.86,96.5411932,97.467874,96.4,949.3766945,94.1745205,313.9,101.02,227.663,239.9,96.64
2012-03-31,99.9,121.7,98.67,97.1008523,97.9328925,96.8,949.3766945,94.1030137,314.8,101.58,229.392,240.8,97.63
2012-04-30,100.4,122.2,98.8,96.9142992,98.3979109,96.9,952.6391573,94.1745205,315.5,101.66,230.085,242.5,98.09
2012-05-31,100.4,122.1,98.75,96.9142992,98.3979109,96.6,952.6391573,94.1745205,315.2,101.64,229.815,242.4,98
2012-06-30,100.4,121.6,98.78,96.7277462,98.5839184,96.1,952.6391573,93.7454795,314.5,101.35,229.478,241.8,97.89
2012-07-31,101.8,121.5,98.35,97.1008523,98.6769221,95.8,955.0860045,93.3164384,313.2,100.86,229.104,242.1,97.52
2012-08-31,101.8,121.8,99,97.4739583,99.0489368,96,955.0860045,92.9589041,313.6,100.83,230.379,243,97.87
2012-09-30,101.8,122,98.76,97.5672349,99.0489368,96.1,955.0860045,93.8169863,314.8,101.15,231.407,244.2,98.48
2012-10-31,102,122.2,98.94,97.5672349,99.0489368,96.1,953.4547731,94.3175342,313.8,101.27,231.317,245.6,98.75
2012-11-30,102,121.9,98.79,97.6605114,98.8629295,95.8,953.4547731,94.3890411,313.8,100.94,230.221,245.6,98.62
2012-12-31,102,121.2,99.1,97.9403409,99.0489368,95.8,953.4547731,94.6750685,314.6,100.73,229.601,246.8,98.95
2013-01-31,102.4,121.3,98.6,97.4739583,99.2349443,95.9,957.5328516,94.4605479,312,100.46,230.28,245.8,98.16
2013-02-28,102.4,122.7,98.88,98.0336174,99.327948,95.7,957.5328516,95.1041096,313.4,100.76,232.166,247.6,98.56
2013-03-31,102.4,122.9,99.63,98.5,99.5139554,95.9,957.5328516,95.390137,314.7,100.98,232.773,248.7,99.46
2013-04-30,102.8,122.7,99.48,98.0336174,99.5139554,96.2,959.1640831,95.9621918,314,101.01,232.531,249.5,99.45
2013-05-31,102.8,123,99.54,98.4067235,99.5139554,96.3,959.1640831,96.0336986,314.5,101.12,232.945,250,99.55
2013-06-30,102.8,123,99.7,98.5,99.7929664,96.3,959.1640831,95.6761644,314,101.22,233.504,249.7,99.6
2013-07-31,104,123.1,99.4,98.9663826,99.8859702,96.5,968.135856,96.1052055,313.6,100.86,233.596,249.7,99.2
2013-08-31,104,123.1,99.86,98.9663826,100.2579849,96.8,968.135856,95.9621918,313.8,100.79,233.877,251,99.33
2013-09-30,104,123.3,99.63,98.9663826,99.9789739,97.1,968.135856,96.4627397,315.1,101.09,234.149,251.9,99.74
2013-10-31,104.8,123,99.5,98.7798296,99.7929664,97.2,968.9514717,96.6057534,314.4,101.01,233.546,251.9,99.66
2013-11-30,104.8,123,99.46,98.9663826,99.5139554,97.3,968.9514717,96.7487671,314.2,101.02,233.069,252.1,99.58
2013-12-31,104.8,122.7,99.8,99.3394886,99.6999627,97.4,968.9514717,96.6057534,315,100.79,233.049,253.4,99.92
2014-01-31,105.4,123.1,99.24,98.7798296,99.8859702,97.2,972.2139345,96.8917808,311.4,100.52,233.916,252.6,99.04
2014-02-28,105.4,124.1,99.79,99.2462121,99.7929664,97.2,972.2139345,96.8917808,312.7,100.62,234.781,254.2,99.36
2014-03-31,105.4,124.8,100.24,99.5260417,99.8859702,97.5,972.2139345,97.0347945,312.7,100.98,236.293,254.8,100.07
2014-04-30,105.9,125.2,100.2,99.3394886,100.0719775,99.5,974.6607817,97.1778082,313.89,101.05,237.072,255.7,100.25
2014-05-31,105.9,125.8,100.22,99.2462121,99.9789739,99.9,974.6607817,97.3923288,314.05,101.35,237.9,255.9,100.16
2014-06-30,105.9,125.9,100.18,99.5260417,100.0719775,99.8,974.6607817,97.6783562,314.7,101.27,238.343,256.3,100.26
2014-07-31,106.4,125.7,99.86,99.8058712,99.9789739,99.9,977.9232446,98.3934247,313.67,100.89,238.25,256,99.74
2014-08-31,106.4,125.7,100.3,99.8058712,100.1649812,100,977.9232446,98.4649315,313.35,100.86,237.852,257,99.84
2014-09-30,106.4,125.8,99.92,99.8058712,99.7929664,100.3,977.9232446,98.4649315,313.85,101,238.031,257.6,100.15
2014-10-31,106.6,125.9,99.95,99.5260417,99.8859702,100,976.2920131,98.5364384,314.02,101,237.433,257.7,100.14
2014-11-30,106.6,125.4,99.78,99.5260417,99.6999627,99.6,976.2920131,98.6079452,313.6,100.96,236.151,257.1,99.93
2014-12-31,106.6,124.5,99.86,99.5260417,99.6999627,99.7,976.2920131,98.6794521,314.1,100.46,234.812,257.5,99.84
2015-01-31,106.8,124.3,98.86,98.5,99.3,99.6,973.0295503,98.8224658,310.75,100.03,233.707,255.4,98.57
2015-02-28,106.8,125.4,99.52,99.2,99.7,99.4,973.0295503,98.8939726,312.93,99.77,234.722,256.7,99.07
2015-03-31,106.8,126.3,100.17,99.7,99.8,99.7,973.0295503,99.0369863,313.19,100.1,236.119,257.1,99.97
2015-04-30,107.5,126.2,100.28,100.2,100,100.2,978.7388603,99.2515068,313.16,99.92,236.599,258,100.36
2015-05-31,107.5,126.9,100.52,100.4,100.1,100.4,978.7388603,99.5375342,314.24,100.15,237.805,258.5,100.62
2015-06-30,107.5,127.2,100.44,100.4,100.3,100.2,978.7388603,100.0380822,313.33,100.22,238.638,258.9,100.59
2015-07-31,108,127.3,100.03,100.6,100.2,100.1,982.0013231,100.0380822,313.43,99.61,238.654,258.6,100.12
2015-08-31,108,127.3,100.35,100.6,100.4,100.2,982.0013231,99.8950685,312.81,99.45,238.316,259.8,100.11
2015-09-30,108,127.1,99.95,100.4,100,100.3,982.0013231,100.5386301,314.06,99.55,237.945,259.6,100.23
2015-10-31,108.4,127.2,100.01,100.4,100.2,100.2,977.1076288,100.9676712,314.29,99.63,237.838,259.5,100.34
2015-11-30,108.4,127.1,99.82,99.7,99.8,99.9,977.1076288,101.3252055,313.75,99.56,237.336,259.8,100.01
2015-12-31,108.4,126.5,100.04,99.7,99.8,99.8,977.1076288,100.8961644,314.21,99.15,236.525,260.6,100.02
2016-01-31,108.2,126.8,99.08,99,99.6,99.5,978.7388603,101.539726,313.13,98.76,236.916,258.8,98.83
2016-02-29,108.2,127.1,99.33,99.3,99.4,99.6,978.7388603,102.040274,314.14,98.95,237.111,260,98.98
2016-03-31,108.2,127.9,100.02,100,99.6,99.7,978.7388603,102.5408219,315.7,99.24,238.132,261.1,99.93
2016-04-30,108.6,128.3,100.09,100.1,99.6,99.9,982.8169389,102.8268493,315.64,99.56,239.261,261.4,100.13
2016-05-31,108.6,128.8,100.5,100.6,99.8,100,982.8169389,103.1843836,316.21,99.71,240.229,262.1,100.48
2016-06-30,108.6,129.1,100.63,100.7,99.9,99.9,982.8169389,103.8279452,316.54,99.85,241.018,263.1,100.65
2016-07-31,109.4,128.9,100.25,101.1,100.1,99.6,986.0794017,104.4715068,316.73,99.4,240.628,263.4,100.28
2016-08-31,109.4,128.7,100.58,101,100.3,99.7,986.0794017,103.8994521,316.38,99.3,240.849,264.4,100.34
2016-09-30,109.4,128.8,100.34,101,100.1,99.8,986.0794017,104.1854795,316.91,99.36,241.428,264.9,100.64
2016-10-31,110,129.1,100.37,101.2,100.1,100.4,990.1574803,104.6860274,318,99.42,241.729,264.8,100.87
2016-11-30,110,128.6,100.35,100.5,99.9,100.4,990.1574803,104.9005479,318.1,99.22,241.353,265.5,100.65
2016-12-31,110,128.4,100.65,101.2,100.3,100.1,990.1574803,104.4,319.68,99.14,241.432,267.1,101.16
2017-01-31,110.5,129.5,100.46,100.6,100.6,100,999.9448689,104.3,317.5,99.11,242.839,265.5,100.49
2017-02-28,110.5,129.7,100.51,101.2,101,99.8,999.9448689,104.7,319.73,99.58,243.603,268.4,100.93
2017-03-31,110.5,129.9,101.16,101.4,101,99.9,999.9448689,105,319.68,99.8,243.801,269.3,101.58
2017-04-30,110.7,130.4,101.26,101.8,101.3,100.3,999.9448689,105.2,321.54,100,244.524,270.6,102.1
2017-05-31,110.7,130.5,101.34,101.8,101.2,100.4,999.9448689,105.4,321.74,100.19,244.733,271.7,102.09
2017-06-30,110.7,130.4,101.34,102.1,101.1,100.2,999.9448689,105.6,321.97,100.04,244.955,272.3,102.15
2017-07-31,111.4,130.4,100.99,102.5,101.2,100.1,1004.838563,105.9,323.69,99.73,244.786,272.9,101.83
2017-08-31,111.4,130.5,101.49,102.6,101.5,100.3,1004.838563,105.7,323.18,99.76,245.519,274.7,102.08
2017-09-30,111.4,130.8,101.34,102.7,101.2,100.5,1004.838563,105.8,323.62,100.01,246.819,275.1,102.44
2017-10-31,112.1,130.9,101.43,102.5,101,100.6,1006,105.8,323.38,100.07,246.663,275.3,102.55
2017-11-30,112.1,131.3,101.53,102.1,100.8,100.9,1006,106,324.04,100,246.669,275.8,102.5
2017-12-31,112.1,130.8,101.85,102.6,101.2,101.2,1006,106.3,325.23,99.97,246.524,278.1,102.82
2018-01-31,112.6,131.7,101.75,102,101.5,101.3,1011,106.4,322.51,99.84,247.867,276,102.12
2018-02-28,112.6,132.5,101.7,102.3,101.5,101.3,1011,107.1,324.87,100.21,248.991,278.1,102.35
2018-03-31,112.6,132.9,102.72,102.9,101.8,101,1011,107.2,325.76,100.59,249.554,278.3,103.17
2018-04-30,113,133.3,102.92,103.1,101.9,100.9,1015,107.5,327.1,100.8,250.546,279.7,103.6
2018-05-31,113,133.4,103.36,103.9,102.3,101,1015,107.7,327.86,101.19,251.588,280.7,104.16
2018-06-30,113,133.6,103.37,104,102.5,100.9,1015,108.1,328.62,101.19,251.989,281.5,104.28
2018-07-31,113.5,134.3,103.28,104.4,102.7,101,1024,108.8,330.33,100.96,252.006,281.7,104.12
2018-08-31,113.5,134.2,103.79,104.5,103.2,101.6,1024,109.1,329.63,100.94,252.146,284.2,104.32
2018-09-30,113.5,133.7,103.56,104.7,102.6,101.7,1024,109.2,331.14,101,252.439,284.1,104.66
2018-10-31,114.1,134.1,103.67,104.9,102.6,102,1025,109.2,330.72,101.18,252.885,284.5,104.91
2018-11-30,114.1,133.5,103.45,104.2,102.4,101.8,1025,109.7,330.4,100.92,252.038,284.6,104.51
2018-12-31,114.1,133.4,103.47,104.2,102.3,101.5,1025,110,331.87,100.66,251.233,285.6,104.5
2019-01-31,114.1,133.6,103.01,103.4,102.4,101.5,1026,110,328.56,100.4,251.712,283,103.64
2019-02-28,114.1,134.5,103.06,103.8,102.5,101.5,1026,110.3,331.02,100.79,252.776,285,104.02
2019-03-31,114.1,135.4,103.89,104.2,102.8,101.5,1026,110.5,331.79,101.33,254.202,285.1,104.85
2019-04-30,114.8,136,104.22,105.2,103,101.8,1032,110.8,334.11,101.52,255.548,288.2,105.58
2019-05-31,114.8,136.6,104.33,105.4,103,101.8,1032,110.5,334.95,101.83,256.092,289.2,105.79
2019-06-30,114.8,136.3,104.58,105.7,103.1,101.6,1032,110.6,334.47,101.8,256.143,289.6,105.9
2019-07-31,115.4,137,104.38,106.2,103.1,101.6,1039,111.4,335.8,101.27,256.571,289.5,105.59
2019-08-31,115.4,136.8,104.86,106,103.5,101.8,1039,110.6,334.39,101.26,256.558,291.7,105.73
2019-09-30,115.4,136.2,104.52,106,102.9,101.9,1039,111.1,335.95,101.15,256.759,291,105.9
2019-10-31,116.2,136.6,104.46,106.1,102.8,102.2,1044,111.3,336.04,100.92,257.346,290.4,106.03
2019-11-30,116.2,136.4,104.52,105.3,102.6,102.3,1044,111.6,336.36,100.79,257.208,291,105.85
2019-12-31,116.2,136.4,104.98,105.8,102.8,102.3,1044,111.3,337.68,100.82,256.974,291.9,106.14
2020-01-31,116.6,136.8,104.54,105.2,102.9,102.2,1052,111.3,332.82,100.6,257.971,290.6,105.44
2020-02-29,116.6,137.4,104.53,105.6,102.8,102,1052,111.2,334.47,100.73,258.678,292,105.66
2020-03-31,116.6,136.6,104.54,105.7,102.9,101.9,1052,111.2,333.91,100.8,258.115,292.6,106.14
2020-04-30,114.4,135.7,104.68,106.1,103,101.9,1047,111.7,332.9,100.44,256.389,292.6,106.37
2020-05-31,114.4,136.1,104.71,106,102.8,101.8,1047,111.9,334.91,100.48,256.394,292.2,106.38
2020-06-30,114.4,137.2,104.79,106.6,102.9,101.7,1047,112.1,336.84,100.5,257.797,292.7,106.76
2020-07-31,116.2,137.2,105.19,106.1,102.8,101.9,1054,112.9,337.57,100.34,259.101,294.2,106.51
2020-08-31,116.2,137,105.1,106,103,102,1054,112.5,337.07,100.39,259.918,293.3,106.13
2020-09-30,116.2,136.9,104.56,105.8,102.4,102,1054,112.9,337.27,100.34,260.28,294.3,106.17
2020-10-31,117.2,137.5,104.51,105.9,102.5,101.8,1059,113.2,336.97,100.35,260.388,294.3,106.37
2020-11-30,117.2,137.7,104.74,105.1,102.4,101.3,1059,112.4,337,100.1,260.229,293.5,106.07
2020-12-31,117.2,137.4,104.94,105.5,102.7,101.1,1059,112.9,339.34,100,260.474,295.4,106.41
2021-01-31,117.9,138.2,105.18,106.3,103.1,101.6,1068,114.1,338.09,100.06,261.582,294.6,106.72
2021-02-28,117.9,138.9,105.12,107,103.4,101.6,1068,114.9,339.01,100.22,263.014,296,107
2021-03-31,117.9,139.6,105.75,107.5,103.7,101.8,1068,114.6,339.54,100.56,264.877,296.9,107.91
2021-04-30,118.8,140.3,105.93,108.2,104.1,101.4,1082,115,340.37,100.77,267.054,301.1,108.53
2021-05-31,118.8,141,106.22,108.7,104.1,101.7,1082,114.9,341.04,101.03,269.195,301.9,108.83
2021-06-30,118.8,141.4,106.37,109.1,104.2,101.9,1082,115.3,341.32,101.11,271.696,304,109.1
2021-07-31,,142.3,106.4,110.1,104.7,102.1,1106,116.3,342.23,101.02,273.003,305.5,109.14
2021-08-31,,142.6,107.05,110.1,105.2,102.4,1106,116.3,343.99,101.27,273.567,307.4,109.5
2021-09-30,,142.9,106.79,110.1,104.9,102.8,1106,117.5,345.74,101.24,274.31,308.6,110.03
2021-10-31,,143.9,107.26,110.7,105.5,102.7,,117.2,346.44,101.6,276.589,312,111
2021-11-30,,144.2,107.64,110.5,106.3,102.8,,118.1,348.03,101.6,277.948,314.3,111.54
2021-12-31,,,,,106.6,,,118.9,,101.5,278.802,317.7,112.06
