,AUD,CAD,FRF,DEM,ITL,JPY,NZD,NOK,SEK,CHF,USD,GBP,EUR
1959-12-31,7.80437,13.308529,10.188042,24.714454,4.060933,18.509878,4.952113,9.012759,9.190918,23.728754,13.436946,7.339636,
1960-01-31,7.80437,13.308529,10.188042,24.574031,4.050275,18.509878,4.952113,9.012759,9.190918,23.846745,13.482806,7.339636,
1960-02-29,7.80437,13.222667,10.188042,24.574031,4.039616,18.509878,4.952113,9.012759,9.190918,23.846745,13.482806,7.339636,
1960-03-31,7.908429,13.308529,10.22678,24.714454,4.039616,18.607814,4.960831,9.012759,9.190918,23.886108,13.528666,7.339636,
1960-04-30,7.908429,13.308529,10.188042,24.784665,4.060933,18.70575,4.960831,9.012759,9.190918,23.991011,13.528666,7.339636,
1960-05-31,7.908429,13.308529,10.188042,24.784665,4.071592,18.70575,4.960831,9.012759,9.223979,24.017286,13.574526,7.427012,
1960-06-30,8.012487,13.308529,10.22678,24.784665,4.082251,18.70575,5.004089,9.012759,9.223979,24.082728,13.574526,7.427012,
1960-07-31,8.012487,13.308529,10.342994,24.784665,4.082251,18.70575,5.004089,9.012759,9.223979,24.135081,13.574526,7.339636,
1960-08-31,8.012487,13.308529,10.342994,24.714454,4.071592,18.901622,5.004089,9.012759,9.223979,24.200817,13.574526,7.339636,
1960-09-30,8.116545,13.480252,10.342994,24.784665,4.071592,18.999558,5.05165,9.012759,9.223979,24.239984,13.666246,7.427012,
1960-10-31,8.116545,13.480252,10.381731,24.854877,4.092909,18.70575,5.05165,9.012759,9.25704,24.239984,13.666246,7.514389,
1960-11-30,8.116545,13.480252,10.420469,24.854877,4.103568,18.901622,5.05165,9.012759,9.290101,24.213807,13.666246,7.514389,
1960-12-31,8.116545,13.480252,10.420469,25.065511,4.135544,19.195429,5.030021,9.012759,9.323162,24.148268,13.666246,7.514389,
1961-01-31,8.116545,13.480252,10.420469,25.065511,4.146202,19.293365,5.030021,9.012759,9.323162,24.161454,13.666246,7.514389,
1961-02-28,8.116545,13.480252,10.420469,25.065511,4.146202,19.293365,5.030021,9.121346,9.356222,24.161454,13.666246,7.514389,
1961-03-31,8.220604,13.480252,10.420469,25.065511,4.167519,19.391301,5.030021,9.121346,9.389283,24.161454,13.666246,7.514389,
1961-04-30,8.220604,13.480252,10.381731,25.276146,4.188837,19.391301,5.030021,9.121346,9.422344,24.344887,13.666246,7.601766,
1961-05-31,8.220604,13.480252,10.381731,25.416569,4.188837,19.391301,5.030021,9.121346,9.422344,24.384349,13.666246,7.601766,
1961-06-30,8.116545,13.480252,10.459207,25.416569,4.188837,19.685109,5.107818,9.121346,9.422344,24.4368,13.757965,7.601766,
1961-07-31,8.116545,13.480252,10.497945,25.416569,4.188837,19.783045,5.107818,9.229934,9.422344,24.554693,13.712105,7.689142,
1961-08-31,8.116545,13.480252,10.57542,25.416569,4.210154,19.88098,5.107818,9.338521,9.422344,24.593958,13.757965,7.689142,
1961-09-30,8.116545,13.480252,10.691634,25.416569,4.210154,20.37066,5.159794,9.447109,9.455405,24.698861,13.757965,7.689142,
1961-10-31,8.116545,13.480252,10.807847,25.556992,4.24213,20.468596,5.159794,9.447109,9.488466,25.039747,13.757965,7.776519,
1961-11-30,8.116545,13.480252,10.846585,25.556992,4.263447,20.566531,5.159794,9.447109,9.488466,25.066022,13.757965,7.863896,
1961-12-31,8.116545,13.480252,10.885323,25.837838,4.306082,20.664467,5.177009,9.447109,9.686831,25.092297,13.757965,7.863896,
1962-01-31,8.116545,13.480252,10.885323,25.90805,4.306082,20.566531,5.177009,9.447109,9.686831,25.157738,13.803825,7.776519,
1962-02-28,8.116545,13.480252,10.962799,25.978261,4.327399,20.664467,5.177009,9.555696,9.719892,25.1972,13.803825,7.863896,
1962-03-31,8.116545,13.566113,10.962799,26.048473,4.39135,20.958275,5.194334,9.664284,9.786014,25.314994,13.849685,7.951272,
1962-04-30,8.116545,13.566113,11.001536,26.048473,4.39135,21.056211,5.194334,9.664284,9.885196,25.511712,13.849685,8.038649,
1962-05-31,8.116545,13.651975,11.040274,26.048473,4.402009,20.958275,5.194334,9.664284,9.918257,25.577252,13.849685,8.038649,
1962-06-30,8.116545,13.651975,11.11775,26.118684,4.423326,21.252082,5.233288,9.772871,9.918257,25.65588,13.895545,8.038649,
1962-07-31,8.116545,13.737836,11.079012,25.978261,4.412668,21.252082,5.233288,9.772871,9.951318,25.760783,13.895545,7.951272,
1962-08-31,8.116545,13.651975,11.11775,25.978261,4.433985,21.154147,5.233288,9.881459,9.918257,25.747695,13.941405,7.951272,
1962-09-30,8.116545,13.737836,11.156488,26.048473,4.455302,21.252082,5.267938,9.772871,9.885196,25.70843,13.941405,7.951272,
1962-10-31,8.116545,13.737836,11.272701,26.118684,4.465961,21.252082,5.267938,9.772871,9.918257,25.826421,13.941405,7.951272,
1962-11-30,8.116545,13.737836,11.311439,26.259107,4.519254,21.643826,5.267938,9.881459,9.951318,25.878774,13.941405,8.038649,
1962-12-31,8.116545,13.737836,11.46639,26.610165,4.593864,22.231441,5.272242,9.881459,9.984379,25.957501,13.941405,8.038649,
1963-01-31,8.116545,13.737836,11.543866,26.820799,4.679133,22.329377,5.272242,9.990046,10.01744,26.114757,13.941405,8.126025,
1963-02-28,8.116545,13.737836,11.582603,26.820799,4.70045,22.427313,5.272242,9.990046,10.083561,26.114757,13.987265,8.126025,
1963-03-31,8.116545,13.737836,11.582603,26.891011,4.721768,22.427313,5.29387,9.990046,10.116622,26.15412,13.987265,8.126025,
1963-04-30,8.116545,13.737836,11.660079,26.820799,4.721768,22.623185,5.29387,9.881459,10.116622,26.311475,13.987265,8.126025,
1963-05-31,8.116545,13.737836,11.698817,26.680376,4.721768,22.819056,5.29387,9.881459,10.149683,26.377014,14.033125,8.126025,
1963-06-30,8.220604,13.909559,11.776292,26.680376,4.721768,22.623185,5.332714,9.990046,10.149683,26.429466,14.078984,8.126025,
1963-07-31,8.220604,13.995421,11.81503,26.610165,4.721768,22.525249,5.332714,9.881459,10.182744,26.508094,14.078984,8.038649,
1963-08-31,8.220604,13.909559,11.892506,26.680376,4.775061,23.014928,5.332714,9.881459,10.182744,26.586722,14.078984,8.126025,
1963-09-30,8.220604,13.909559,11.892506,26.891011,4.817695,23.014928,5.384689,9.881459,10.215805,26.691527,14.124844,8.126025,
1963-10-31,8.220604,13.995421,11.931244,26.961222,4.817695,22.916992,5.384689,9.990046,10.248866,26.848881,14.124844,8.126025,
1963-11-30,8.220604,13.995421,11.969981,27.171857,4.849671,23.014928,5.384689,9.990046,10.281926,26.875156,14.170704,8.213402,
1963-12-31,8.324662,13.995421,12.008719,27.31228,4.892305,23.014928,5.406318,10.207221,10.314987,26.901333,14.170704,8.213402,
1964-01-31,8.324662,13.995421,12.008719,27.382491,4.902964,23.014928,5.406318,10.315809,10.348048,26.940696,14.170704,8.213402,
1964-02-29,8.324662,13.995421,12.008719,27.382491,4.924281,23.014928,5.406318,10.315809,10.381109,26.953784,14.170704,8.213402,
1964-03-31,8.324662,14.081282,12.047457,27.382491,4.945599,23.308736,5.453879,10.424396,10.381109,27.124227,14.170704,8.300779,
1964-04-30,8.324662,14.081282,12.047457,27.382491,4.966916,23.406671,5.453879,10.424396,10.41417,27.268493,14.170704,8.388155,
1964-05-31,8.324662,14.081282,12.086195,27.31228,5.00955,23.308736,5.453879,10.424396,10.447231,27.22913,14.216564,8.388155,
1964-06-30,8.42872,14.167144,12.124933,27.382491,5.041526,23.308736,5.536091,10.532983,10.480292,27.242317,14.262424,8.388155,
1964-07-31,8.42872,14.167144,12.124933,27.382491,5.052185,23.504607,5.536091,10.641571,10.546413,27.307758,14.216564,8.475532,
1964-08-31,8.42872,14.167144,12.202408,27.382491,5.073502,23.798415,5.536091,10.750158,10.579474,27.36021,14.262424,8.475532,
1964-09-30,8.532778,14.167144,12.241146,27.452703,5.105478,24.190158,5.62691,10.641571,10.612535,27.438936,14.262424,8.475532,
1964-10-31,8.532778,14.167144,12.241146,27.593126,5.126795,24.092223,5.62691,10.750158,10.645596,27.465014,14.308284,8.475532,
1964-11-30,8.532778,14.253005,12.241146,27.803761,5.148112,24.092223,5.62691,10.750158,10.678657,27.504476,14.308284,8.562908,
1964-12-31,8.532778,14.253005,12.279884,27.873972,5.16943,24.581902,5.639821,10.750158,10.711718,27.530653,14.308284,8.562908,
1965-01-31,8.532778,14.253005,12.318622,27.873972,5.180088,24.483966,5.639821,10.750158,10.711718,27.622467,14.308284,8.562908,
1965-02-28,8.532778,14.253005,12.318622,28.014395,5.190747,24.679838,5.639821,10.967333,10.777839,27.635457,14.354144,8.562908,
1965-03-31,8.636837,14.338867,12.357359,28.084607,5.201405,25.169517,5.648539,10.967333,10.843961,27.727272,14.400004,8.737662,
1965-04-30,8.636837,14.338867,12.396097,28.154818,5.222723,25.071581,5.648539,10.967333,10.843961,28.028795,14.400004,8.737662,
1965-05-31,8.636837,14.51059,12.589786,28.365453,5.233381,24.973645,5.648539,10.967333,10.910083,28.133698,14.491723,8.737662,
1965-06-30,8.740895,14.51059,12.473573,28.435664,5.24404,24.875709,5.722032,11.075921,11.17457,28.212424,14.491723,8.737662,
1965-07-31,8.740895,14.51059,12.434835,28.435664,5.254698,24.973645,5.722032,10.967333,11.17457,28.36968,14.491723,8.825038,
1965-08-31,8.740895,14.51059,12.473573,28.435664,5.265357,25.365389,5.722032,11.075921,11.20763,28.448308,14.491723,8.825038,
1965-09-30,8.844953,14.51059,12.512311,28.576087,5.265357,25.659196,5.760986,10.967333,11.240691,28.540025,14.537583,8.825038,
1965-10-31,8.844953,14.596451,12.512311,28.71651,5.265357,25.463325,5.760986,11.075921,11.240691,28.789194,14.537583,8.825038,
1965-11-30,8.844953,14.682313,12.551048,28.856933,5.286674,25.56126,5.760986,11.075921,11.306813,28.854734,14.583443,8.912415,
1965-12-31,8.949011,14.682313,12.628524,28.997356,5.307992,25.855068,5.79983,11.075921,11.439056,29.01199,14.583443,8.912415,
1966-01-31,8.949011,14.768174,12.628524,29.067568,5.307992,26.05094,5.79983,11.075921,11.5713,29.090716,14.675163,8.912415,
1966-02-28,8.949011,14.854035,12.667262,29.137779,5.307992,26.05094,5.79983,11.184508,11.604361,29.13008,14.721023,8.912415,
1966-03-31,8.949011,14.939897,12.706,29.348414,5.329309,26.442683,5.834039,11.184508,11.637422,29.169345,14.812743,8.999792,
1966-04-30,8.949011,14.939897,12.744737,29.348414,5.339967,26.246812,5.834039,11.184508,11.703543,29.536407,14.812743,9.087168,
1966-05-31,8.949011,15.025758,12.744737,29.348414,5.339967,26.246812,5.834039,11.184508,11.736604,29.497142,14.858603,9.087168,
1966-06-30,8.949011,15.025758,12.783475,29.348414,5.339967,26.344747,5.868137,11.401683,11.703543,29.497142,14.904462,9.087168,
1966-07-31,8.949011,15.11162,12.783475,29.278202,5.339967,26.148876,5.868137,11.401683,11.769665,29.588957,14.996182,9.174545,
1966-08-31,8.949011,15.11162,12.822213,29.278202,5.339967,26.540619,5.868137,11.401683,11.802726,29.615133,14.996182,9.174545,
1966-09-30,9.05307,15.11162,12.822213,29.348414,5.350626,26.736491,5.896608,11.510271,11.835787,29.674277,15.087902,9.174545,
1966-10-31,9.05307,15.11162,12.899689,29.62926,5.371943,26.442683,5.896608,11.510271,11.901908,30.029628,15.087902,9.261921,
1966-11-30,9.05307,15.197481,12.899689,29.699472,5.382602,26.736491,5.896608,11.510271,11.901908,30.177732,15.087902,9.261921,
1966-12-31,9.157128,15.197481,12.977164,29.769683,5.387435,27.030298,6.044588,11.618858,12.001091,30.266693,15.087902,9.261921,
1967-01-31,9.157128,15.197481,12.977164,29.769683,5.398188,27.128234,6.044588,11.618858,12.067213,30.207353,15.087902,9.174545,
1967-02-28,9.157128,15.283343,13.015902,29.839895,5.408941,27.22617,6.044588,11.618858,12.166395,30.207353,15.133762,9.261921,
1967-03-31,9.261186,15.369204,13.015902,29.839895,5.419695,27.324106,6.209674,11.618858,12.166395,30.237073,15.179622,9.261921,
1967-04-30,9.261186,15.455066,13.05464,29.910106,5.430448,27.030298,6.209674,11.727445,12.199456,30.562902,15.225482,9.261921,
1967-05-31,9.261186,15.540927,13.05464,29.910106,5.451955,26.932363,6.209674,11.836033,12.232517,30.770149,15.271341,9.349298,
1967-06-30,9.365245,15.626789,13.093378,29.910106,5.451955,26.932363,6.277981,11.94462,12.265578,30.888534,15.317201,9.261921,
1967-07-31,9.365245,15.71265,13.132116,29.769683,5.462708,27.128234,6.277981,11.94462,12.298639,31.007018,15.363061,9.261921,
1967-08-31,9.365245,15.71265,13.170853,29.769683,5.494968,27.617914,6.277981,11.94462,12.3317,30.888534,15.408921,9.261921,
1967-09-30,9.365245,15.71265,13.248329,29.839895,5.484215,28.009657,6.283719,11.94462,12.3317,30.858913,15.454781,9.349298,
1967-10-31,9.365245,15.71265,13.325805,29.910106,5.494968,27.911721,6.283719,11.94462,12.298639,31.155122,15.500641,9.349298,
1967-11-30,9.365245,15.798512,13.364542,29.910106,5.494968,28.205529,6.283719,12.053208,12.298639,31.243984,15.546501,9.436675,
1967-12-31,9.469303,15.884373,13.480756,30.190952,5.505722,28.499336,6.346288,12.053208,12.36476,31.303128,15.638221,9.436675,
1968-01-31,9.469303,15.884373,13.519494,30.261164,5.505722,28.597272,6.346288,12.053208,12.397821,31.362369,15.68408,9.436675,
1968-02-29,9.469303,15.970235,13.519494,30.261164,5.505722,28.597272,6.346288,12.161795,12.430882,31.243984,15.72994,9.524051,
1968-03-31,9.469303,15.970235,13.519494,30.261164,5.516475,28.695208,6.4317,12.161795,12.430882,31.214363,15.7758,9.611428,
1968-04-30,9.469303,15.970235,13.596969,30.261164,5.527228,28.695208,6.4317,12.161795,12.430882,31.303128,15.82166,9.698804,
1968-05-31,9.469303,16.056096,13.635707,30.261164,5.516475,28.499336,6.4317,12.161795,12.430882,31.332748,15.91338,9.698804,
1968-06-30,9.573361,16.227819,13.674445,30.261164,5.505722,28.499336,6.505635,12.270383,12.497004,31.303128,16.0051,9.698804,
1968-07-31,9.573361,16.313681,13.75192,30.190952,5.505722,28.695208,6.505635,12.270383,12.463943,31.39199,16.05096,9.698804,
1968-08-31,9.573361,16.313681,13.829396,30.190952,5.516475,29.380759,6.505635,12.270383,12.497004,31.421709,16.096819,9.698804,
1968-09-30,9.573361,16.313681,13.984347,30.261164,5.516475,29.380759,6.602413,12.37897,12.530065,31.540094,16.188539,9.786181,
1968-10-31,9.573361,16.485404,14.023085,30.471798,5.527228,29.478695,6.602413,12.37897,12.463943,31.836204,16.234399,9.786181,
1968-11-30,9.573361,16.485404,14.061823,30.54201,5.548735,29.282823,6.602413,12.37897,12.563126,31.925165,16.280259,9.873558,
1968-12-31,9.781478,16.485404,14.216774,30.612221,5.559488,29.478695,6.693453,12.37897,12.596186,32.013929,16.326119,9.960934,
1969-01-31,9.781478,16.485404,14.255512,30.752644,5.570242,29.478695,6.693453,12.487558,12.629247,32.073171,16.417839,9.960934,
1969-02-28,9.781478,16.571265,14.332987,30.822856,5.591749,29.772503,6.693453,12.487558,12.662308,32.013929,16.555418,10.048311,
1969-03-31,9.781478,16.828849,14.410463,30.822856,5.613255,29.968374,6.767498,12.487558,12.72843,31.954688,16.647138,10.135688,
1969-04-30,9.781478,16.828849,14.449201,30.893067,5.634762,30.06631,6.767498,12.487558,12.72843,32.102792,16.692998,10.135688,
1969-05-31,9.781478,16.914711,14.487939,30.893067,5.656269,30.06631,6.767498,12.596145,12.72843,32.250798,16.784718,10.223064,
1969-06-30,9.885536,17.000572,14.565414,30.893067,5.677775,30.458054,6.835805,12.704733,12.794552,32.250798,16.876437,10.135688,
1969-07-31,9.885536,17.086434,14.604152,30.822856,5.699282,30.751861,6.835805,12.596145,12.860673,32.191556,16.968157,10.135688,
1969-08-31,9.885536,17.086434,14.681628,30.822856,5.710036,31.045669,6.835805,12.704733,12.893734,32.221275,17.014017,10.223064,
1969-09-30,9.885536,17.086434,14.759103,30.893067,5.720789,31.143605,6.864276,12.704733,12.893734,32.280517,17.105737,10.310441,
1969-10-31,9.885536,17.086434,14.836579,30.963279,5.753049,31.045669,6.864276,12.704733,12.959856,32.547006,17.197457,10.310441,
1969-11-30,9.885536,17.258157,14.875317,31.173913,5.774556,31.241541,6.864276,12.81332,13.025978,32.665391,17.289176,10.397817,
1969-12-31,9.989594,17.344018,15.030268,31.524971,5.806816,31.956407,7.012257,13.464845,13.224343,32.754254,17.335036,10.485194,
1970-01-31,9.989594,17.344018,15.069006,31.595182,5.849829,31.956407,7.012257,13.573432,13.422708,32.754254,17.426756,10.485194,
1970-02-28,9.989594,17.344018,15.146481,31.735605,5.871336,32.272807,7.012257,13.68202,13.52189,32.813495,17.518476,10.572571,
1970-03-31,10.093652,17.42988,15.223957,31.876029,5.903596,32.589207,7.120401,13.68202,13.52189,32.783973,17.656055,10.747324,
1970-04-30,10.093652,17.42988,15.301433,31.876029,5.925103,32.483741,7.120401,13.790607,13.588012,33.109704,17.701915,10.747324,
1970-05-31,10.093652,17.42988,15.378908,31.94624,5.935856,32.483741,7.120401,13.790607,13.654134,33.257709,17.793635,10.8347,
1970-06-30,10.197711,17.601603,15.417646,31.94624,5.94661,32.483741,7.251277,14.007782,13.753316,33.346474,17.885355,10.8347,
1970-07-31,10.197711,17.601603,15.456384,31.94624,5.957363,32.378274,7.251277,14.007782,13.786377,33.465055,17.885355,10.922077,
1970-08-31,10.197711,17.515741,15.533859,31.94624,5.989623,32.905607,7.251277,14.11637,13.852499,33.672303,17.977075,10.922077,
1970-09-30,10.405827,17.515741,15.572597,32.086663,6.021883,33.432941,7.547239,14.224957,13.918621,33.849929,18.068794,11.09683,
1970-10-31,10.405827,17.515741,15.650073,32.227086,6.064897,33.432941,7.547239,14.333544,14.017803,34.29434,18.160514,11.09683,
1970-11-30,10.405827,17.42988,15.688811,32.437721,6.086403,33.643874,7.547239,14.442132,14.083925,34.442346,18.252234,11.184207,
1970-12-31,10.509886,17.515741,15.766286,32.788778,6.10791,33.960274,7.735056,14.550719,14.513716,34.649692,18.252234,11.35896,
1971-01-31,10.509886,17.601603,15.8825,33.069624,6.14017,33.960274,7.735056,14.550719,14.546777,34.797796,18.298094,11.35896,
1971-02-28,10.509886,17.601603,15.921237,33.210047,6.161677,34.065741,7.735056,14.659307,14.579838,35.005044,18.343954,11.533713,
1971-03-31,10.613944,17.773326,16.037451,33.420682,6.17243,34.487608,7.905879,14.659307,14.546777,35.034665,18.389814,11.708467,
1971-04-30,10.613944,17.773326,16.153664,33.490893,6.215444,34.593074,7.905879,14.659307,14.480655,35.419637,18.481533,11.795843,
1971-05-31,10.613944,17.859187,16.192402,33.631316,6.215444,34.698541,7.905879,14.767894,14.546777,35.449258,18.619113,11.88322,
1971-06-30,10.926119,18.03091,16.269878,33.771739,6.23695,34.698541,8.059488,14.876482,14.612899,35.597362,18.664973,11.970597,
1971-07-31,10.926119,18.202633,16.347353,33.771739,6.247704,34.698541,8.059488,14.876482,14.811264,35.656604,18.710833,12.057973,
1971-08-31,10.926119,18.116772,16.424829,33.841951,6.290717,35.542275,8.059488,14.876482,14.811264,35.923093,18.710833,12.057973,
1971-09-30,11.134235,18.202633,16.502304,33.982374,6.322977,35.647741,8.235939,15.093657,14.976568,36.071197,18.756693,12.057973,
1971-10-31,11.134235,18.202633,16.57978,34.052586,6.344484,35.331341,8.235939,15.093657,14.976568,36.545032,18.756693,12.14535,
1971-11-30,11.134235,18.288495,16.657256,34.193009,6.376744,35.331341,8.235939,15.202244,15.108812,36.722757,18.848412,12.232726,
1971-12-31,11.238293,18.374356,16.695993,34.614278,6.398251,35.331341,8.389658,15.419419,15.241055,36.959626,18.848412,12.232726,
1972-01-31,11.238293,18.460218,16.773469,34.754701,6.430511,35.542275,8.389658,15.419419,15.274116,37.137252,18.940132,12.320103,
1972-02-29,11.238293,18.546079,16.850945,34.965335,6.452018,35.858675,8.389658,15.528007,15.340238,37.226213,18.985992,12.40748,
1972-03-31,11.342352,18.63194,16.92842,35.105758,6.462771,36.280541,8.492064,15.636594,15.406359,37.255834,19.031852,12.494856,
1972-04-30,11.342352,18.63194,17.005896,35.105758,6.516538,36.386008,8.492064,15.636594,15.472481,37.640708,19.077712,12.582233,
1972-05-31,11.342352,18.63194,17.122109,35.246181,6.559551,36.386008,8.492064,15.853769,15.538603,37.848153,19.123572,12.669609,
1972-06-30,11.550468,18.889525,17.238323,35.527027,6.581058,36.386008,8.583104,15.962356,15.637785,37.877773,19.215292,12.669609,
1972-07-31,11.550468,19.061248,17.354536,35.527027,6.624071,36.702408,8.583104,16.070944,15.703907,38.025878,19.261151,12.844363,
1972-08-31,11.550468,19.147109,17.432012,35.878085,6.688592,36.913342,8.583104,16.179531,15.770029,38.351608,19.307011,12.844363,
1972-09-30,11.654527,19.147109,17.586963,36.018508,6.763865,37.124275,8.68562,16.179531,15.80309,38.70696,19.398731,13.019116,
1972-10-31,11.654527,19.147109,17.703176,36.229143,6.817632,37.018808,8.68562,16.288119,15.80309,39.032789,19.444591,13.106493,
1972-11-30,11.654527,19.232971,17.81939,36.369566,6.839139,37.335208,8.68562,16.288119,16.034516,39.240037,19.490451,13.193869,
1972-12-31,11.862643,19.404694,17.81939,36.790835,6.914412,37.651608,8.890542,16.396706,16.100637,39.684251,19.536311,13.193869,
1973-01-31,11.862643,19.576417,17.858128,37.001469,7.000439,37.968008,8.890542,16.613881,16.232881,39.95074,19.67389,13.281246,
1973-02-28,11.862643,19.576417,17.935603,37.282315,7.064959,38.917209,8.890542,16.722469,16.299002,40.276471,19.85733,13.368622,
1973-03-31,12.278876,19.834001,18.051817,37.49295,7.140233,39.655475,9.13519,16.831056,16.398185,40.365334,19.99491,13.630752,
1973-04-30,12.278876,19.919863,18.245506,37.773796,7.247766,40.288276,9.13519,16.939643,16.464307,40.661542,20.132489,13.805505,
1973-05-31,12.278876,20.091586,18.361719,37.98443,7.312287,40.393742,9.13519,17.048231,16.59655,40.957554,20.270069,13.805505,
1973-06-30,12.695109,20.34917,18.51667,38.124854,7.3553,40.710142,9.34585,17.156818,16.662672,41.016894,20.315929,13.892882,
1973-07-31,12.695109,20.606754,18.632884,38.124854,7.398314,41.026542,9.34585,17.048231,16.728794,41.164998,20.682808,13.980259,
1973-08-31,12.695109,20.692616,18.826573,38.124854,7.441327,42.186676,9.34585,17.265406,16.761854,41.52035,20.728668,14.067635,
1973-09-30,13.111342,20.778477,19.020262,38.4057,7.505847,42.397609,9.567766,17.373993,16.96022,42.379157,20.912107,14.417142,
1973-10-31,13.111342,20.9502,19.175213,38.89718,7.591874,42.714009,9.567766,17.482581,17.125524,43.267684,21.049687,14.504518,
1973-11-30,13.111342,21.036062,19.330164,39.248238,7.699408,44.085076,9.567766,17.591168,17.257767,43.919244,21.187267,14.679272,
1973-12-31,13.527575,21.207785,19.640067,39.529084,7.828448,45.983477,9.806897,17.916931,17.456132,44.274596,21.370706,14.854025,
1974-01-31,13.527575,21.379508,19.911231,39.880141,7.989748,47.460011,9.806897,18.025518,17.885924,43.948766,21.645865,15.116155,
1974-02-28,13.527575,21.637092,20.143658,39.950353,8.204816,47.776411,9.806897,18.242693,18.051228,44.156112,21.921025,15.203531,
1974-03-31,14.047867,21.808815,20.45356,40.231199,8.301596,48.936544,10.045917,18.459868,17.952045,43.889525,22.012744,15.727791,
1974-04-30,14.047867,22.238122,20.685987,40.441834,8.419883,49.147478,10.045917,18.35128,17.885924,44.659568,22.287904,15.902544,
1974-05-31,14.047867,22.409845,20.918414,40.582257,8.53817,49.463878,10.045917,18.459868,18.018167,44.896437,22.471343,16.077297,
1974-06-30,14.776275,22.581568,21.189579,40.72268,8.710224,50.413078,10.421552,18.677043,18.084289,45.044541,22.654783,16.164674,
1974-07-31,14.776275,22.839153,21.383268,40.792891,8.903784,50.940411,10.421552,18.78563,18.249593,45.488853,22.929942,16.252051,
1974-08-31,14.776275,23.010876,21.615695,40.863103,9.161865,51.678678,10.421552,19.002805,18.414897,46.229178,23.205101,16.426804,
1974-09-30,15.296566,23.26846,21.848121,41.143949,9.333919,52.838812,10.768716,19.111393,18.976932,46.525288,23.434401,16.77631,
1974-10-31,15.296566,23.440183,22.04181,41.424795,9.505973,53.260679,10.768716,19.21998,19.175297,47.176848,23.61784,17.03844,
1974-11-30,15.296566,23.697768,22.235499,41.495006,9.581246,53.366145,10.768716,19.437155,19.241419,47.236089,23.80128,17.30057,
1974-12-31,15.920916,23.697768,22.506664,41.916275,9.710286,53.998945,11.102639,19.980092,19.175297,47.502677,23.893,17.650077,
1975-01-31,15.920916,23.955352,22.661615,42.12691,9.85008,54.104412,11.102639,20.08868,19.340601,47.650781,24.076439,17.912206,
1975-02-28,15.920916,24.041214,22.855304,42.337544,9.860834,54.526279,11.102639,20.305855,19.472845,47.828408,24.168159,18.261713,
1975-03-31,16.441207,24.212936,23.048993,42.688602,10.000627,55.475479,11.544153,20.414442,19.505905,47.946891,24.259879,18.873349,
1975-04-30,16.441207,24.470521,23.203945,42.899237,10.075901,55.791879,11.544153,20.52303,19.803453,48.302243,24.397458,19.659739,
1975-05-31,16.441207,24.728105,23.397634,43.250294,10.161928,55.791879,11.544153,20.740205,19.935697,48.479869,24.580898,20.009245,
1975-06-30,16.545265,25.071551,23.552585,43.250294,10.194188,56.002812,11.964149,21.174554,20.200183,48.391007,24.856057,20.183998,
1975-07-31,16.545265,25.329136,23.707536,43.180083,10.269461,55.791879,11.964149,21.065967,20.398549,48.539111,24.901917,20.358752,
1975-08-31,16.545265,25.414997,23.901225,43.390717,10.344735,57.057479,11.964149,21.391729,20.46467,48.716836,25.039497,20.533505,
1975-09-30,17.48179,25.58672,24.094914,43.460929,10.463022,57.901213,12.459515,21.391729,20.696096,48.776078,25.177076,20.795635,
1975-10-31,17.48179,25.844305,24.249865,43.601352,10.581309,57.690279,12.459515,21.500317,20.894461,48.924182,25.360516,21.057765,
1975-11-30,17.48179,25.930166,24.404816,43.741775,10.667336,57.690279,12.459515,21.608904,20.960583,48.86494,25.452236,21.319895,
1975-12-31,18.002081,26.016027,24.637243,44.092832,10.774869,58.744946,13.008622,21.826079,21.258131,49.13143,25.498096,21.494648,
1976-01-31,18.002081,26.18775,24.830932,44.373678,11.011443,59.166813,13.008622,21.934667,21.423435,49.101907,25.589815,21.756778,
1976-02-29,18.002081,26.273612,25.024621,44.514102,11.237264,59.377747,13.008622,22.260429,21.6218,49.013045,25.635675,21.844154,
1976-03-31,18.418314,26.359473,25.257048,44.724736,11.527605,60.748814,13.590172,22.477604,21.787105,49.013045,25.727395,22.281037,
1976-04-30,18.418314,26.531196,25.411999,44.794948,11.764179,60.959747,13.590172,22.586191,21.98547,48.924182,25.910835,22.543167,
1976-05-31,18.418314,26.702919,25.528213,44.865159,11.817946,61.065214,13.590172,22.911954,22.150774,49.013045,26.048414,22.630544,
1976-06-30,18.834547,26.874642,25.76064,44.794948,11.882466,61.48708,14.020982,23.129129,22.183835,49.101907,26.185994,22.630544,
1976-07-31,18.834547,26.874642,25.954329,44.935371,12.011506,61.065214,14.020982,23.129129,22.316078,49.279534,26.323574,23.067427,
1976-08-31,18.834547,27.046365,26.225493,45.005582,12.21582,62.647214,14.020982,23.129129,22.349139,49.161149,26.415293,23.329557,
1976-09-30,19.979188,27.218088,26.496658,45.075794,12.559928,62.963614,14.408645,23.129129,22.679748,49.279534,26.552873,23.76644,
1976-10-31,19.979188,27.30395,26.690347,45.216217,12.839515,62.963614,14.408645,23.237716,22.845052,49.368396,26.598733,24.02857,
1976-11-30,19.979188,27.389811,26.80656,45.35664,13.011569,63.701881,14.408645,23.346304,22.944235,49.486781,26.690453,24.290699,
1976-12-31,20.395421,27.647396,26.884036,45.84812,13.172869,64.229214,14.785494,23.780653,23.175661,49.575644,26.828032,24.902336,
1977-01-31,20.395421,27.819118,27.038987,46.058755,13.420197,64.651081,14.785494,23.889241,23.473208,49.605363,27.103192,25.077089,
1977-02-28,20.395421,28.162564,27.310152,46.128966,13.59225,64.967481,14.785494,24.323591,23.671573,49.5165,27.286631,25.339219,
1977-03-31,20.915713,28.334287,27.658792,46.339601,13.764304,66.022148,15.496265,24.432178,23.969121,49.575644,27.515931,25.863479,
1977-04-30,20.915713,28.677733,27.929957,46.480024,13.925605,66.654948,15.496265,24.649353,24.266669,49.546023,27.65351,26.125608,
1977-05-31,20.915713,28.763595,28.123646,46.690659,14.022385,66.444015,15.496265,24.866528,24.795643,49.871852,27.83695,26.475115,
1977-06-30,21.331946,29.107041,28.39481,46.620447,14.108412,66.233081,16.045482,25.19229,25.027069,49.901375,27.974529,26.475115,
1977-07-31,21.331946,29.107041,28.549761,46.620447,14.237452,66.338548,16.045482,25.19229,25.09319,49.901375,28.066249,26.649868,
1977-08-31,21.331946,29.364625,28.782188,46.690659,14.420259,67.393215,16.045482,25.300878,25.357677,49.931094,28.157969,26.737245,
1977-09-30,21.852237,29.62221,29.014615,46.690659,14.61382,67.815082,16.616218,25.409465,25.489921,50.040917,28.249689,26.824621,
1977-10-31,21.852237,29.793932,29.130829,46.76087,14.753614,67.076815,16.616218,25.409465,25.721347,49.996043,28.387268,26.999375,
1977-11-30,21.852237,29.965655,29.208304,46.901293,14.828887,66.971348,16.616218,25.409465,25.886651,50.055974,28.478988,27.086751,
1977-12-31,22.164412,30.137378,29.324518,47.252351,14.947174,67.182282,16.948485,25.952402,26.415625,50.080871,28.662428,27.086751,
1978-01-31,22.164412,30.394963,29.556944,47.392774,15.108475,67.604148,16.948485,26.06099,26.713172,50.135783,28.845867,27.348881,
1978-02-28,22.164412,30.652547,29.828109,47.533197,15.302035,68.131482,16.948485,26.386752,26.713172,50.190694,29.075167,27.523634,
1978-03-31,22.580645,30.738409,30.138011,47.743831,15.441829,68.869749,17.397172,26.49534,26.911537,50.280541,29.304466,27.873141,
1978-04-30,22.580645,31.167716,30.447914,47.814043,15.592376,69.291615,17.397172,26.49534,27.043781,50.350509,29.579625,27.960517,
1978-05-31,22.580645,31.425301,30.641603,47.954466,15.721416,68.975215,17.397172,26.712515,27.076842,50.435337,29.900645,28.222647,
1978-06-30,22.996878,31.854608,31.028981,47.884254,15.818196,69.186149,17.829196,27.038277,27.176024,50.450295,30.129944,28.310024,
1978-07-31,22.996878,31.940469,31.22267,47.814043,15.904223,69.397082,17.829196,27.038277,27.176024,50.47037,30.267524,28.484777,
1978-08-31,22.996878,31.854608,31.416359,47.743831,16.151551,70.135349,17.829196,27.364039,27.374389,50.34549,30.496823,28.572154,
1978-09-30,23.51717,32.283915,31.726261,47.814043,16.302098,70.240816,18.294436,27.472627,27.506633,50.245705,30.771982,28.65953,
1978-10-31,23.51717,32.455638,31.881213,47.954466,16.463398,69.608015,18.294436,27.472627,27.605815,50.310457,30.909562,28.92166,
1978-11-30,23.51717,32.5415,32.036164,48.094889,16.549425,69.502549,18.294436,27.472627,27.77112,50.420477,31.047142,29.096413,
1978-12-31,23.933403,32.713223,32.307328,48.586369,16.829013,69.608015,18.709908,27.472627,27.969485,50.61011,31.322301,29.358543,
1979-01-31,23.933403,33.14253,32.539755,48.726793,17.07634,69.397082,18.709908,27.581214,28.200911,51.164344,31.68918,29.533296,
1979-02-28,23.933403,33.485976,32.849658,49.007639,17.312914,70.029882,18.709908,27.689802,28.333154,51.439001,32.010199,29.70805,
1979-03-31,24.557752,33.74356,33.15956,49.218273,17.527981,70.873616,19.557294,27.798389,28.498459,51.57382,32.377078,30.144933,
1979-04-30,24.557752,34.087006,33.5082,49.358696,17.721542,71.506416,19.557294,27.906977,28.663763,51.753514,32.789817,30.407063,
1979-05-31,24.557752,34.258729,33.779365,49.639542,17.861335,71.611883,19.557294,28.015564,28.796006,52.482521,33.156696,30.843946,
1979-06-30,25.182102,34.516314,34.244219,49.920388,18.022636,72.244683,20.537652,28.232739,28.994371,52.607401,33.523575,31.979842,
1979-07-31,25.182102,34.602175,34.592859,49.9906,18.237703,71.506416,20.537652,28.232739,29.391102,52.507418,33.844595,32.329348,
1979-08-31,25.182102,34.945621,34.902761,50.201234,18.700098,72.455616,20.537652,28.341327,29.523345,52.762098,34.211474,32.591478,
1979-09-30,25.91051,35.203205,35.290139,50.271446,19.054959,73.29935,21.318607,28.558501,29.820893,52.737201,34.486633,32.940985,
1979-10-31,25.91051,35.546651,35.522566,50.552292,19.313039,72.98295,21.318607,28.775676,30.250684,52.93697,34.807652,33.203114,
1979-11-30,25.91051,35.718374,35.793731,50.692715,19.6679,73.510283,21.318607,28.775676,30.48211,53.036755,35.174531,33.465244,
1979-12-31,26.430801,35.890097,36.491011,50.973561,20.291595,74.143083,22.14944,29.210026,31.506997,53.196472,35.67899,33.814751,
1980-01-31,26.430801,36.319405,36.878389,51.605465,20.635703,74.775883,22.14944,29.752964,31.986379,53.271459,36.183449,34.164257,
1980-02-29,26.430801,36.576989,37.304505,51.816099,20.861524,75.19775,22.14944,30.187313,32.148377,53.436194,36.733767,34.60114,
1980-03-31,27.263267,36.834574,37.769359,52.096945,21.194878,76.568817,23.063257,30.404488,32.366579,53.680836,37.146506,35.737036,
1980-04-30,27.263267,37.263881,38.079261,52.377791,21.409945,77.201617,23.063257,30.730251,32.469067,54.000368,37.513385,35.999166,
1980-05-31,27.263267,37.693188,38.350426,52.518214,21.603506,77.518017,23.063257,31.1646,32.555026,54.190197,37.926124,36.348673,
1980-06-30,27.679501,37.950773,38.892755,52.588426,21.990627,77.623484,23.894089,31.490363,32.829431,54.36497,37.926124,36.610802,
1980-07-31,27.679501,38.38008,39.280133,52.658637,22.248707,77.412551,23.894089,31.707538,33.014572,54.729473,38.201284,36.785556,
1980-08-31,27.679501,38.637665,39.628773,52.658637,22.700349,78.678151,23.894089,32.0333,33.9535,54.754469,38.522303,37.047686,
1980-09-30,28.30385,38.98111,40.054889,52.728849,23.08747,78.889084,24.758138,32.250475,34.436188,54.654585,38.889182,37.222439,
1980-10-31,28.30385,39.496279,40.326054,53.079907,23.560618,78.994551,24.758138,32.46765,34.647778,55.178805,39.210201,37.484569,
1980-11-30,28.30385,39.668002,40.713432,53.501176,23.850958,78.783618,24.758138,32.684825,34.796552,55.368536,39.57708,37.746698,
1980-12-31,28.9282,40.269033,41.178286,53.992656,24.291846,79.627351,25.52563,33.662112,35.444545,55.907812,39.898099,37.921452,
1981-01-31,28.9282,40.69834,41.565664,54.413925,24.764994,79.521884,25.52563,33.987874,36.118986,56.452107,40.310838,38.270958,
1981-02-28,28.9282,41.213509,41.953042,54.835194,25.119855,79.732818,25.52563,34.639399,36.314045,56.831569,40.585998,39.057348,
1981-03-31,29.552549,41.471093,42.534109,55.116041,25.453209,80.365618,26.540749,34.856574,36.532247,56.706689,40.861157,40.018491,
1981-04-30,29.552549,41.814539,42.921487,55.396887,25.851084,81.103885,26.540749,34.965162,36.753754,57.231007,41.182176,40.367997,
1981-05-31,29.552549,42.501431,43.347603,55.607521,26.141425,81.209351,26.540749,35.399511,36.889304,57.595511,41.549055,40.54275,
1981-06-30,30.176899,42.844877,44.083621,55.958579,26.302725,80.998418,27.580587,35.942449,37.226525,57.940038,42.007654,40.717503,
1981-07-31,30.176899,43.188323,44.62595,56.099002,26.550052,80.682018,27.580587,35.942449,37.507542,58.803766,42.328673,41.06701,
1981-08-31,30.176899,43.531769,45.129542,56.379848,26.92642,81.842152,27.580587,36.268211,37.778641,58.84864,42.741412,41.32914,
1981-09-30,31.425598,43.961076,45.710609,56.660694,27.388815,82.158552,28.645143,36.376798,38.023291,58.649068,42.833132,41.59127,
1981-10-31,31.425598,44.304522,46.097987,56.94154,27.883469,82.053085,28.645143,36.485386,38.165453,59.04339,42.970712,41.853399,
1981-11-30,31.425598,44.476245,46.369151,57.081963,28.17381,82.158552,28.645143,36.593973,37.9737,59.03345,43.108291,42.028153,
1981-12-31,32.049948,44.819691,46.872743,57.573444,28.571685,82.158552,29.561277,37.788435,38.806834,59.323065,43.245871,42.202906,
1982-01-31,32.049948,45.33486,47.337596,57.643655,28.991066,82.053085,29.561277,38.00561,39.355644,59.418029,43.383451,42.202906,
1982-02-28,32.049948,45.93589,47.918663,57.643655,29.238393,82.158552,29.561277,38.657135,39.454826,59.522834,43.337591,42.552412,
1982-03-31,32.778356,46.193475,48.460993,57.85429,29.48572,82.791352,31.046713,38.765723,39.719313,59.857323,43.52103,43.513555,
1982-04-30,32.778356,46.794505,48.848371,58.275559,29.819075,83.107752,31.046713,38.87431,39.887924,60.631401,43.933769,43.863062,
1982-05-31,32.778356,47.309674,49.197011,58.907462,30.130922,83.107752,31.046713,39.200072,40.023473,61.16556,44.484088,43.950438,
1982-06-30,33.922997,47.567258,49.351962,58.977674,30.50729,82.580418,32.160817,39.851597,40.301184,61.395245,44.713387,43.950438,
1982-07-31,33.922997,47.738981,49.506913,58.907462,31.066465,83.213218,32.160817,39.851597,40.406979,61.869572,44.805107,44.037815,
1982-08-31,33.922997,47.996566,49.700602,59.118097,31.539613,84.478819,32.160817,40.17736,40.625181,62.109196,44.896827,44.125191,
1982-09-30,34.96358,48.340011,49.971767,59.398943,32.066527,84.689752,33.027403,40.503122,41.190521,62.26409,45.034406,44.387321,
1982-10-31,34.96358,48.597596,50.436621,59.539366,32.518169,83.951485,33.027403,40.720297,41.517824,62.438863,44.942687,44.562075,
1982-11-30,34.96358,48.597596,50.862737,59.679789,32.711729,83.846019,33.027403,40.937472,41.636843,62.254053,44.759247,44.736828,
1982-12-31,35.691988,48.511734,51.366328,59.960635,33.206384,83.951485,33.29975,41.588996,42.555935,62.161057,44.850967,44.736828,
1983-01-31,35.691988,48.769319,51.714968,59.960635,33.647272,83.635085,33.29975,41.806171,42.572465,62.246967,44.896827,44.911581,
1983-02-28,35.691988,49.284488,52.21856,59.960635,33.959119,84.056952,33.29975,42.240521,42.731157,62.365746,44.896827,44.998958,
1983-03-31,36.420395,49.284488,52.877102,60.101058,34.31398,84.478819,33.621533,42.349109,43.068378,62.560791,45.217846,45.523217,
1983-04-30,36.420395,49.370349,53.225743,60.241481,34.604321,85.322552,33.621533,42.457696,43.339477,62.614325,45.493005,45.697971,
1983-05-31,36.420395,49.885518,53.535645,60.452116,34.808635,84.795219,33.621533,42.674871,43.574209,62.87304,45.630585,45.697971,
1983-06-30,37.044745,50.143102,54.000499,60.66275,35.098976,84.478819,33.89388,43.000633,43.921348,62.750423,45.814024,45.872724,
1983-07-31,37.044745,50.400687,54.310401,60.873385,35.27103,84.267885,33.89388,42.892046,44.146162,62.919587,45.951604,46.134854,
1983-08-31,37.044745,50.400687,54.736517,61.013808,35.744178,85.217086,33.89388,43.326396,44.466852,62.997526,46.180903,46.396984,
1983-09-30,37.98127,50.744133,55.162633,61.013808,36.281846,85.955352,34.215774,43.543571,44.830522,63.148484,46.318483,46.48436,
1983-10-31,37.98127,50.744133,55.39506,61.154231,36.67972,85.533486,34.215774,43.652158,45.101621,63.548513,46.410203,46.659113,
1983-11-30,37.98127,50.829994,55.588749,61.294654,36.830267,85.217086,34.215774,43.869333,45.468596,63.584038,46.456063,46.833867,
1983-12-31,37.773153,51.17344,55.976127,61.505289,37.281908,85.533486,34.455236,44.195095,46.096753,63.812443,46.731222,46.571737,
1984-01-31,37.773153,51.431025,56.324767,61.715923,37.722796,86.060819,34.455236,44.41227,45.908306,64.042817,46.960522,46.833867,
1984-02-29,37.773153,51.516886,56.712145,61.786135,37.99163,86.166286,34.455236,44.955208,46.569523,64.459181,47.052241,46.921243,
1984-03-31,37.877211,51.688609,57.060785,61.856346,38.281971,86.377219,35.20805,45.172383,46.870377,64.554145,47.281541,47.620256,
1984-04-30,37.877211,51.688609,57.370688,61.926558,38.529298,87.010019,35.20805,45.172383,47.200985,64.420015,47.41912,47.882386,
1984-05-31,37.877211,52.032055,57.641852,62.137192,38.755119,86.377219,35.20805,45.389558,47.088578,64.627262,47.5567,47.882386,
1984-06-30,38.397503,52.203778,58.02923,62.066981,38.841146,86.588153,36.268745,45.606732,47.210903,64.513011,47.74014,47.882386,
1984-07-31,38.397503,52.203778,58.339133,61.926558,39.034706,85.849886,36.268745,45.606732,47.564655,64.741908,47.923579,48.057139,
1984-08-31,38.397503,52.289639,58.610297,61.996769,39.346554,87.220953,36.268745,45.932495,47.872121,64.702348,48.152879,48.144516,
1984-09-30,38.917794,52.461362,58.997675,62.347827,39.733675,87.748286,37.432065,46.14967,48.106853,65.111529,48.290458,48.406646,
1984-10-31,38.917794,52.718947,59.191364,62.418038,40.045523,87.326419,37.432065,46.258257,48.4044,65.45143,48.290458,48.494022,
1984-11-30,38.917794,52.718947,59.307578,62.48825,40.282097,87.537353,37.432065,46.475432,49.178024,65.430469,48.290458,48.668776,
1984-12-31,39.438085,52.976531,59.61748,62.839307,40.733738,87.748286,39.07442,46.801194,49.46896,66.070122,48.382178,48.756152,
1985-01-31,39.438085,53.319977,59.927383,63.120153,41.217639,87.431886,39.07442,46.909782,49.905363,66.609005,48.611477,48.930905,
1985-02-28,39.438085,53.405839,60.353499,63.330788,41.550993,87.748286,39.07442,47.452719,50.288869,66.97961,48.794917,49.367789,
1985-03-31,40.37461,53.663423,60.779614,63.400999,41.862841,88.381086,41.058973,47.669894,50.49054,66.897931,49.024216,50.154178,
1985-04-30,40.37461,53.835146,61.089517,63.400999,42.174688,88.486553,41.058973,47.778482,51.062493,66.851581,49.207656,50.328931,
1985-05-31,40.37461,54.09273,61.321944,63.400999,42.400509,88.486553,41.058973,48.104244,50.893883,66.818516,49.345236,50.328931,
1985-06-30,41.311134,54.350315,61.55437,63.400999,42.486536,88.697486,42.188085,48.321419,50.860822,66.675726,49.436955,50.241555,
1985-07-31,41.311134,54.350315,61.631846,63.190365,42.604823,88.486553,42.188085,48.104244,50.840986,66.661457,49.528675,50.416308,
1985-08-31,41.311134,54.436176,61.709322,63.260576,42.830644,88.59202,42.188085,48.647181,51.065799,66.867031,49.666255,50.591061,
1985-09-30,42.1436,54.607899,61.903011,63.330788,43.271531,89.435753,43.146042,48.755769,51.396408,67.033439,49.849694,50.678438,
1985-10-31,42.1436,54.779622,62.019224,63.400999,43.604886,88.697486,43.146042,48.864356,51.733629,67.507569,49.987274,50.853191,
1985-11-30,42.1436,55.037207,62.0967,63.471211,43.852213,88.802953,43.146042,49.081531,51.945218,67.549196,50.124854,50.940568,
1985-12-31,43.080125,55.294791,62.135437,63.681846,44.078034,89.119353,44.138318,49.515881,52.530395,67.520461,50.262433,50.853191,
1986-01-31,43.080125,55.552376,61.980486,63.611634,44.250087,89.013886,44.138318,49.733056,52.563456,67.503928,50.124854,51.027944,
1986-02-28,43.080125,55.724098,62.135437,63.400999,44.454401,88.90842,44.138318,50.058818,52.474192,67.587182,49.895554,51.115321,
1986-03-31,43.808533,55.724098,62.367864,63.400999,44.540428,89.22482,45.335848,50.384581,52.794882,67.550082,49.803834,51.639581,
1986-04-30,43.808533,56.067544,62.522816,63.400999,44.755495,89.435753,45.335848,50.493168,52.791576,67.344212,49.941414,51.814334,
1986-05-31,43.808533,56.153406,62.716505,63.400999,44.841522,89.013886,45.335848,51.361868,52.794882,67.330632,50.216573,51.90171,
1986-06-30,44.953174,56.582713,62.79398,63.190365,44.841522,88.802953,46.841367,51.904805,52.917207,67.012577,50.216573,51.814334,
1986-07-31,44.953174,56.668575,62.871456,62.97973,44.970563,88.59202,46.841367,52.013392,52.84778,67.141983,50.308293,51.90171,
1986-08-31,44.953174,56.668575,63.103883,63.049942,45.08885,89.013886,46.841367,52.773505,53.33708,67.258794,50.537592,52.251217,
1986-09-30,46.201873,57.012021,63.258834,62.839307,45.303917,89.119353,51.015726,52.99068,53.528833,67.275228,50.583452,52.338593,
1986-10-31,46.201873,57.269605,63.336309,62.769096,45.518984,88.697486,51.015726,53.207854,53.538751,67.441538,50.629312,52.42597,
1986-11-30,46.201873,57.355467,63.413785,62.839307,45.691038,88.486553,51.015726,53.425029,53.670995,67.576357,50.675172,52.513347,
1986-12-31,47.138398,57.527189,63.994852,63.190365,45.938365,88.170153,52.213256,54.185142,54.163602,67.967234,50.996191,52.600723,
1987-01-31,47.138398,57.784774,64.111065,63.260576,46.196446,88.170153,52.213256,54.728079,54.335518,68.166707,51.179631,52.862853,
1987-02-28,47.138398,57.956497,64.188541,63.260576,46.325486,88.486553,52.213256,55.271016,54.444619,68.261966,51.40893,52.862853,
1987-03-31,47.866805,58.299943,64.537181,63.400999,46.486787,89.330287,53.924028,55.488191,54.586781,68.347187,51.68409,53.299736,
1987-04-30,47.866805,58.643389,64.653395,63.400999,46.701854,89.435753,53.924028,55.596779,54.62976,67.968513,51.867529,53.561866,
1987-05-31,47.866805,58.815112,64.769608,63.471211,46.873908,89.330287,53.924028,55.922541,54.530577,68.185503,52.050969,53.47449,
1987-06-30,48.699272,59.158558,64.924559,63.471211,46.959935,88.90842,54.779469,56.031128,55.185182,68.20302,52.188548,53.387113,
1987-07-31,48.699272,59.244419,65.079511,63.400999,47.131989,88.90842,54.779469,56.139716,55.469505,68.468229,52.463708,53.47449,
1987-08-31,48.699272,59.244419,65.118248,63.330788,47.422329,89.752153,54.779469,56.899828,55.988561,68.305462,52.738867,53.649243,
1987-09-30,49.531738,59.416142,65.2732,63.400999,47.80945,89.752153,55.908581,57.008416,56.246436,68.60669,52.876447,53.911373,
1987-10-31,49.531738,59.673726,65.350675,63.400999,47.970751,89.330287,55.908581,57.117003,56.418352,68.856154,52.922306,54.173502,
1987-11-30,49.531738,59.759588,65.389413,63.471211,48.056778,89.22482,55.908581,57.334178,56.421658,68.851332,52.922306,54.260879,
1987-12-31,50.364204,59.845449,65.505626,63.752057,48.314858,88.90842,56.900857,58.09429,56.729124,69.027187,53.059886,54.118524,
1988-01-31,50.364204,60.103034,65.62184,63.89248,48.529926,88.802953,56.900857,58.420052,57.152303,69.36453,53.197466,54.342154,
1988-02-29,50.364204,60.44648,65.815529,63.89248,48.73424,89.119353,56.900857,59.288752,57.410178,69.525034,53.426765,54.453969,
1988-03-31,51.300728,60.618203,66.125431,64.032903,48.86328,89.54122,57.345682,59.39734,57.922621,69.657787,53.701925,55.12486,
1988-04-30,51.300728,60.961649,66.280383,64.173326,49.035334,89.646687,57.345682,59.505927,58.130904,69.488721,53.885364,55.34849,
1988-05-31,51.300728,61.133371,66.474072,64.243538,49.207388,89.435753,57.345682,59.831689,58.273066,69.596774,54.114663,55.572121,
1988-06-30,52.237253,61.476817,66.706498,64.243538,49.293414,89.330287,57.858815,59.831689,58.554083,69.43814,54.343963,55.572121,
1988-07-31,52.237253,61.562679,66.900187,64.173326,49.497728,89.54122,57.858815,59.831689,58.669796,69.68042,54.573262,55.795751,
1988-08-31,52.237253,61.64854,67.055139,64.243538,49.755809,90.279487,57.858815,60.591802,59.116118,69.698429,54.940141,56.019381,
1988-09-30,53.277836,61.991986,67.21009,64.313749,50.089163,90.701353,58.543212,60.591802,59.57897,69.809827,55.123581,56.243012,
1988-10-31,53.277836,62.077848,67.287565,64.524384,50.433271,90.384953,58.543212,60.591802,59.67154,70.06618,55.169441,56.466642,
1988-11-30,53.277836,62.077848,67.403779,64.664807,50.648338,90.068553,58.543212,60.591802,59.797172,70.193028,55.261161,56.578457,
1988-12-31,53.798127,62.421294,67.674943,65.226499,50.981692,89.963087,59.18711,61.026151,60.49145,70.578001,55.53632,56.802087,
1989-01-31,53.798127,62.850601,67.868632,65.437133,51.411827,89.646687,59.18711,61.243326,60.831976,70.932762,55.765619,57.025717,
1989-02-28,53.798127,63.194047,68.062321,65.507345,51.702168,90.068553,59.18711,61.786264,61.079933,71.12328,56.086638,57.249348,
1989-03-31,55.150884,63.36577,68.488437,65.928614,51.960248,91.650554,59.889715,62.112026,61.645274,71.497625,56.453518,58.032054,
1989-04-30,55.150884,64.052662,68.759602,65.998826,52.207576,92.177887,59.889715,62.329201,61.90976,71.546927,56.774537,58.367499,
1989-05-31,55.150884,64.310246,68.837078,66.069037,52.422643,92.177887,59.889715,62.654963,62.111432,71.669248,56.912116,58.479314,
1989-06-30,56.399584,64.739554,69.030767,65.998826,52.50867,91.966954,61.997199,62.763551,62.134574,71.510615,57.049696,58.479314,
1989-07-31,56.399584,64.825415,69.14698,65.998826,52.63771,91.861487,61.997199,62.546376,62.379225,71.748073,57.141416,58.591129,
1989-08-31,56.399584,64.911276,69.301931,66.069037,52.895791,92.705221,61.997199,63.089313,62.88175,72.060125,57.324855,58.926575,
1989-09-30,57.440166,65.168861,69.611834,66.279672,53.315172,93.338021,62.75829,63.197901,63.427254,72.344918,57.600015,59.373835,
1989-10-31,57.440166,65.340584,69.728047,66.420095,53.616266,92.388821,62.75829,63.197901,63.526436,73.18001,57.737594,59.597466,
1989-11-30,57.440166,65.340584,69.805523,66.630729,53.82058,92.494287,62.75829,63.197901,63.754556,73.718105,57.829314,59.709281,
1989-12-31,58.480749,65.855753,70.126168,66.981787,54.336742,92.916154,63.343703,63.63225,65.572903,74.151987,58.425493,59.932911,
1990-01-31,58.480749,66.28506,70.27398,67.262633,54.756123,93.021621,63.343703,63.849425,65.791105,74.392398,58.700652,60.380171,
1990-02-28,58.480749,66.542645,70.442908,67.262633,54.97119,93.338021,63.343703,64.609538,67.599534,74.648652,59.021671,60.603802,
1990-03-31,59.417274,66.542645,70.833553,67.403056,55.175504,94.181754,64.456041,64.609538,67.844184,74.802169,59.113391,61.721953,
1990-04-30,59.417274,66.88609,70.939133,67.543479,55.347558,94.603621,64.456041,64.718125,68.230996,75.166082,59.250971,62.281029,
1990-05-31,59.417274,67.143675,70.928575,67.61369,55.605638,94.287221,64.456041,64.9353,68.188017,75.270788,59.57199,62.504659,
1990-06-30,59.833507,67.401259,70.949691,67.61369,55.777692,94.076288,65.10005,65.043887,68.83601,75.30779,59.801289,62.392844,
1990-07-31,59.833507,67.487121,71.414243,67.824325,56.15406,94.392688,65.10005,64.9353,69.30878,76.112867,60.351608,63.063735,
1990-08-31,59.833507,67.658844,71.921026,68.03496,56.455154,95.130954,65.10005,65.586825,70.098935,76.474418,60.856066,63.734625,
1990-09-30,61.394381,68.259874,72.237766,68.52644,56.917549,96.185621,65.802544,66.129762,70.558481,76.94038,61.222946,64.181886,
1990-10-31,61.394381,68.689181,72.121628,68.386017,57.250903,96.080155,65.802544,66.129762,70.793213,77.61172,61.360525,64.293701,
1990-11-30,61.394381,68.60332,72.068838,68.456229,57.379943,95.974688,65.802544,65.912587,70.703948,77.607489,61.360525,64.293701,
1990-12-31,61.290323,70.406411,72.470042,68.638842,57.756311,96.607488,66.212388,66.238349,72.386746,78.237301,61.727404,64.181886,
1991-01-31,61.290323,70.406411,72.660086,68.960586,58.207952,96.291088,66.212388,66.455524,74.396846,79.01502,61.819124,64.517331,
1991-02-28,61.290323,70.663995,72.797339,68.960586,58.541306,96.818422,66.212388,66.889874,74.664639,79.027223,61.910844,64.740962,
1991-03-31,61.394381,70.663995,73.019057,69.175083,58.767127,97.345755,66.270874,67.107049,75.074594,79.21715,62.002564,66.977264,
1991-04-30,61.394381,71.007441,73.251333,69.389579,58.982194,97.873088,66.270874,67.215637,75.150634,79.885637,62.186003,67.424525,
1991-05-31,61.394381,71.350887,73.430819,69.818572,59.261782,97.451222,66.270874,67.324224,75.051451,80.213729,62.369443,67.75997,
1991-06-30,61.706556,71.436749,73.620863,70.569309,59.487602,97.345755,66.505039,67.324224,75.067981,80.24148,62.461162,67.648155,
1991-07-31,61.706556,71.52261,73.705327,70.569309,59.659656,97.556688,66.505039,67.324224,74.962187,80.658928,62.644602,68.095416,
1991-08-31,61.706556,71.350887,73.821464,70.569309,59.939244,97.767622,66.505039,67.758574,75.77879,80.8152,62.919761,68.319046,
1991-09-30,62.330905,71.265026,74.201552,71.749039,60.218831,98.822289,66.446553,67.758574,76.063113,80.886644,63.011481,68.542676,
1991-10-31,62.330905,71.52261,74.486618,71.963536,60.605952,98.927755,66.446553,67.758574,76.406946,81.858326,63.194921,68.766306,
1991-11-30,62.330905,71.179164,74.243784,72.070784,60.778006,98.505889,66.446553,67.758574,76.301151,81.66397,63.24078,68.878122,
1991-12-31,62.330905,71.52261,74.37048,72.499777,61.165127,98.294955,66.739204,67.758574,76.172214,82.047958,63.3325,68.654491,
1992-01-31,62.330905,71.52261,74.68722,72.928769,61.498481,98.189488,66.739204,67.975749,76.205275,82.633585,63.5618,68.989937,
1992-02-29,62.330905,71.780195,74.930053,73.250514,61.778069,98.716822,66.739204,68.518686,76.562332,82.87498,63.882819,69.325382,
1992-03-31,62.122789,71.866056,75.088423,73.46501,62.003889,99.771489,66.914883,68.735861,76.737555,83.00724,63.974539,70.108088,
1992-04-30,62.122789,71.951918,75.331257,73.679507,62.283477,99.771489,66.914883,68.844448,76.790452,83.225903,64.066258,70.331718,
1992-05-31,62.122789,72.123641,75.289025,73.894003,62.444777,99.771489,66.914883,68.953036,76.592087,83.556653,64.295558,70.331718,
1992-06-30,62.226847,72.295363,75.246793,74.108499,62.563064,98.927755,67.149048,69.061623,76.492904,83.305318,64.433137,69.996273,
1992-07-31,62.226847,72.295363,75.204561,74.108499,62.724364,99.244155,67.149048,68.844448,76.545802,83.523194,64.616577,70.108088,
1992-08-31,62.226847,72.295363,75.415721,74.108499,62.842651,99.771489,67.149048,69.170211,77.659953,83.621504,64.800017,70.331718,
1992-09-30,62.539022,72.381225,75.626881,74.108499,63.122239,99.771489,67.324616,69.278798,77.80542,83.742939,65.029316,70.555348,
1992-10-31,62.539022,72.724671,75.700787,74.430244,63.563127,99.666022,67.324616,69.278798,77.421914,84.548508,65.121036,70.555348,
1992-11-30,62.539022,72.724671,75.658555,74.537492,63.735181,99.666022,67.324616,69.278798,77.719462,84.457579,65.075176,70.667164,
1992-12-31,63.059313,72.982255,75.954178,75.82447,64.068535,99.560555,67.383213,69.495973,79.828745,84.890772,65.396195,70.219903,
1993-01-31,63.059313,73.23984,76.218128,76.360711,64.294355,99.666022,67.383213,69.713148,80.053559,85.435559,65.625494,70.667164,
1993-02-28,63.059313,73.153978,76.608774,76.575208,64.520176,99.876956,67.383213,70.364673,80.394085,85.890598,65.854794,71.114424,
1993-03-31,63.26743,73.153978,76.703796,76.789704,64.799763,100.615222,67.793056,70.47326,80.731306,86.151576,66.038233,71.89713,
1993-04-30,63.26743,73.325701,76.809375,76.896952,65.014831,100.615222,67.793056,70.47326,80.542859,86.202158,66.129953,72.12076,
1993-05-31,63.26743,73.325701,76.767144,77.111449,65.412705,100.615222,67.793056,70.581848,80.278372,86.180016,66.221673,72.12076,
1993-06-30,63.579605,73.497424,76.830491,77.540442,65.627772,100.826156,68.144304,70.47326,80.122986,86.126679,66.221673,71.785315,
1993-07-31,63.579605,73.583286,76.830491,77.540442,65.692293,101.142556,68.144304,70.364673,80.208945,86.55131,66.405112,72.12076,
1993-08-31,63.579605,73.583286,77.073325,77.433193,65.853593,101.248023,68.144304,70.690435,80.923059,86.49817,66.542692,72.456206,
1993-09-30,63.683663,73.755009,77.210579,77.433193,66.186947,101.142556,68.261386,70.690435,81.164403,86.562528,66.817851,72.344391,
1993-10-31,63.683663,74.098454,77.284485,77.540442,66.412768,100.615222,68.261386,70.690435,81.197464,86.446013,66.863711,72.232575,
1993-11-30,63.683663,73.926732,77.252811,77.754938,66.531055,100.615222,68.261386,70.581848,80.886692,86.554164,66.863711,72.344391,
1993-12-31,63.995838,73.926732,77.347833,78.076682,66.864409,100.720689,68.261386,70.47326,81.137955,86.655327,67.047151,72.12076,
1994-01-31,63.995838,73.325701,77.569551,78.720172,67.143996,100.720689,68.261386,70.690435,81.389217,87.007038,67.27645,72.456206,
1994-02-28,63.995838,73.325701,77.749037,78.82742,67.305297,101.248023,68.261386,71.016198,81.690071,87.008416,67.50575,72.679836,
1994-03-31,64.412071,73.325701,77.960196,78.934668,67.423584,101.458956,68.534395,71.124785,82.02068,87.05388,67.597469,73.238912,
1994-04-30,64.412071,73.153978,78.129124,79.149164,67.810705,101.564423,68.534395,71.124785,82.20582,86.513521,67.643329,73.574357,
1994-05-31,64.412071,73.325701,78.09745,79.256413,67.918239,101.142556,68.534395,71.34196,82.222351,86.64962,67.872629,73.574357,
1994-06-30,64.828304,73.583286,78.086892,79.363661,68.090292,100.615222,69.353531,71.450547,82.238881,86.634662,68.056068,73.127097,
1994-07-31,64.828304,73.669147,78.076334,79.578157,68.197826,101.142556,69.353531,71.450547,82.262024,86.974858,68.331228,73.462542,
1994-08-31,64.828304,73.755009,78.319168,79.363661,68.423647,101.458956,69.353531,71.884897,83.005893,87.010089,68.514667,73.574357,
1994-09-30,65.348595,73.583286,78.488096,79.256413,68.757001,101.880823,70.172666,71.884897,83.095157,86.938447,68.560527,73.462542,
1994-10-31,65.348595,74.012593,78.498654,79.363661,69.036588,101.564423,70.172666,71.884897,83.035648,86.932248,68.652247,73.462542,
1994-11-30,65.348595,74.098454,78.477538,79.578157,69.208642,101.353489,70.172666,71.884897,82.883568,86.917683,68.652247,73.797987,
1994-12-31,66.389178,74.356039,78.67814,79.899902,69.48823,101.353489,70.991802,72.319247,83.19434,87.534801,68.927406,73.797987,
1995-01-31,66.389178,74.699485,78.920973,80.328894,69.993638,101.037089,70.991802,72.536422,83.491888,88.315177,69.202565,74.133433,
1995-02-28,66.389178,74.871208,79.163807,80.328894,70.606579,100.931622,70.991802,72.970772,83.822496,88.369301,69.431865,74.580693,
1995-03-31,67.325702,75.128792,79.258829,80.436143,70.886167,101.248023,71.674434,72.970772,84.374613,88.443698,69.661164,74.916139,
1995-04-30,67.325702,75.300515,79.374967,80.436143,71.327055,101.458956,71.674434,73.079359,84.467183,88.276995,69.798744,75.363399,
1995-05-31,67.325702,75.300515,79.374967,80.543391,71.778696,101.353489,71.674434,73.296534,84.374613,88.452259,69.936324,75.363399,
1995-06-30,68.158169,75.472238,79.227155,80.757887,71.886229,100.826156,71.810938,73.187947,84.29196,88.392624,69.936324,75.027954,
1995-07-31,68.158169,75.300515,79.607243,80.757887,72.11205,100.931622,71.810938,73.079359,84.186166,88.672694,70.119763,75.363399,
1995-08-31,68.158169,75.386377,79.892309,80.757887,72.284104,101.564423,71.810938,73.513709,84.7482,88.748566,70.257343,75.698845,
1995-09-30,68.67846,75.300515,79.976772,80.543391,72.563691,101.248023,72.22045,73.513709,84.936647,88.652225,70.486642,75.587029,
1995-10-31,68.67846,75.5581,80.04012,80.543391,72.950812,100.931622,72.22045,73.405122,84.903586,88.586193,70.440782,75.587029,
1995-11-30,68.67846,75.386377,80.114026,80.757887,73.058346,100.931622,72.22045,73.405122,84.632487,88.610893,70.394922,76.03429,
1995-12-31,68.886576,75.5581,80.209048,80.972384,73.337933,100.826156,72.561766,73.079359,84.510162,88.863901,70.807661,75.81066,
1996-01-31,68.886576,75.643961,80.51523,81.508625,73.628274,100.615222,72.561766,73.187947,84.609345,89.0061,71.036961,76.146105,69.4
1996-02-29,68.886576,75.987407,81.032571,81.508625,73.918615,100.826156,72.561766,73.513709,84.999463,89.163455,71.40384,76.481551,69.7
1996-03-31,69.406868,76.15913,81.127593,81.508625,74.198202,101.458956,73.107894,73.730884,85.234195,89.24966,71.678999,76.816996,70
1996-04-30,69.406868,76.416714,81.296521,81.615873,74.488543,101.669889,73.107894,73.839472,85.141624,88.923831,71.816579,77.040626,70.19
1996-05-31,69.406868,76.416714,81.201499,81.723121,74.628337,101.353489,73.107894,73.948059,84.837465,89.097226,71.862439,77.152441,70.37
1996-06-30,69.614984,76.416714,81.053687,81.830369,74.553063,101.248023,73.517517,74.165234,84.642406,88.97274,72.000018,76.705181,70.39
1996-07-31,69.614984,76.416714,80.895318,81.830369,74.628337,101.142556,73.517517,74.165234,84.255593,89.20272,72.137598,77.040626,70.28
1996-08-31,69.614984,76.502576,81.138151,81.830369,74.70361,101.564423,73.517517,74.490996,84.738282,89.254876,72.366897,77.487887,70.32
1996-09-30,69.719043,76.674299,81.349311,81.830369,74.768131,101.775356,74.063534,74.816759,84.771343,89.396977,72.596197,77.487887,70.53
1996-10-31,69.719043,77.017745,81.275405,81.723121,75.058471,101.458956,74.063534,74.708171,84.602732,89.232636,72.733776,77.487887,70.58
1996-11-30,69.719043,77.017745,81.444333,82.044865,75.133745,101.564423,74.063534,74.708171,84.473795,89.303194,72.733776,77.711517,70.61
1996-12-31,69.823101,77.189468,81.623819,82.688355,75.348812,101.458956,73.858832,75.251108,84.457265,89.601469,72.963076,77.376072,70.8
1997-01-31,69.823101,77.361191,81.792747,82.795603,75.413332,101.248023,73.858832,75.576871,84.424204,89.758627,73.192375,77.599702,70.92
1997-02-28,69.823101,77.447052,81.856095,82.795603,75.6284,101.353489,73.858832,75.685458,84.768037,89.629417,73.375815,77.711517,71.07
1997-03-31,69.614984,77.447052,81.887769,82.688355,75.703673,103.357356,73.927029,75.685458,85.191216,89.715721,73.467535,78.046962,71.19
1997-04-30,69.614984,77.532914,82.003906,82.902851,75.91874,103.56829,73.927029,75.794046,85.197828,89.436636,73.421675,78.270593,71.22
1997-05-31,69.614984,77.704637,81.98279,83.010099,75.91874,103.56829,73.927029,76.011221,85.310235,89.526482,73.513395,78.494223,71.43
1997-06-30,69.30281,77.704637,81.877211,83.760837,75.91874,103.146423,74.268345,75.902633,85.148237,89.429157,73.605114,78.158777,71.47
1997-07-31,69.30281,77.790498,82.08837,83.760837,75.994014,103.25189,74.268345,75.794046,85.197828,89.625973,73.742694,78.606038,71.45
1997-08-31,69.30281,77.790498,82.236182,83.653588,76.058534,103.990156,74.268345,76.228396,85.991288,89.6243,73.926133,78.941483,71.61
1997-09-30,69.510926,77.790498,82.19395,83.54634,76.273601,104.306557,74.677968,76.336983,86.050798,89.63109,74.109573,78.941483,71.74
1997-10-31,69.510926,77.704637,82.331204,83.54634,76.563942,103.56829,74.677968,76.445571,85.908636,89.60452,74.063713,78.941483,71.78
1997-11-30,69.510926,77.618775,82.373436,83.760837,76.563942,103.357356,74.677968,76.445571,85.865657,89.648115,73.971993,79.053299,71.87
1997-12-31,69.719043,78.048082,82.120044,83.760837,76.779009,103.25189,74.814472,76.771333,85.045748,89.615246,74.109573,78.606038,71.95
1998-01-31,69.719043,78.133944,82.426226,83.868085,76.994077,103.146423,74.814472,77.097095,84.933341,89.725365,74.247153,78.829668,71.83
1998-02-28,69.719043,78.219805,82.56348,83.760837,77.209144,103.56829,74.814472,77.531445,85.062278,89.659038,74.384732,79.053299,72
1998-03-31,70.135276,78.133944,82.732408,83.868085,77.273664,103.779223,75.155788,77.531445,85.310235,89.695449,74.522312,79.500559,72.13
1998-04-30,70.135276,78.391528,82.753524,83.975333,77.424211,104.095623,75.155788,77.422858,85.455703,89.510245,74.659892,79.836004,72.35
1998-05-31,70.135276,78.47739,82.816872,84.082581,77.488731,103.673756,75.155788,77.640033,85.277174,89.616821,74.751611,79.724189,72.54
1998-06-30,70.239334,78.47739,82.542364,84.404326,77.488731,103.040956,75.565301,77.640033,85.088727,89.496271,74.843331,79.388744,72.55
1998-07-31,70.239334,78.47739,82.595154,84.189829,77.564005,102.93549,75.565301,77.422858,84.652324,89.751246,74.935051,79.612374,72.47
1998-08-31,70.239334,78.305667,82.56348,83.975333,77.564005,103.779223,75.565301,78.074382,84.992851,89.679704,75.026771,79.94782,72.53
1998-09-30,70.551509,78.649113,82.521248,83.868085,77.703799,104.51749,74.950977,78.074382,85.174685,89.661695,75.21021,79.94782,72.58
1998-10-31,70.551509,78.649113,82.468458,83.868085,77.854346,104.412023,74.950977,78.18297,84.95979,89.516346,75.21021,80.059635,72.57
1998-11-30,70.551509,78.391528,82.552922,83.975333,77.854346,103.990156,74.950977,78.291557,84.82424,89.497255,75.16435,80.283265,72.58
1998-12-31,70.551509,78.563251,82.320646,83.868085,77.918866,103.462823,74.746165,78.61732,84.857301,89.680786,75.34779,79.836004,72.65
1999-01-31,70.551509,78.649113,82.574038,83.975333,78.069413,103.040956,74.746165,78.725907,84.850689,89.983686,75.43951,79.94782,72.52
1999-02-28,70.551509,78.992559,82.848546,83.975333,78.209207,103.146423,74.746165,79.268844,85.171379,90.077863,75.668809,80.39508,72.67
1999-03-31,70.863684,79.421866,83.080821,84.404326,78.424274,103.673756,74.882669,79.486019,85.359826,90.228231,76.219128,80.730526,72.95
1999-04-30,70.863684,79.593589,83.091379,84.404326,78.564068,103.673756,74.882669,79.377432,85.521824,90.025608,76.219128,80.954156,73.22
1999-05-31,70.863684,79.765312,83.080821,84.511574,78.564068,103.357356,74.882669,79.486019,85.647456,90.131299,76.219128,80.842341,73.3
1999-06-30,71.488033,79.937035,82.859104,84.940567,78.779135,102.93549,75.182272,79.268844,85.273868,90.154031,76.448427,80.39508,73.28
1999-07-31,71.488033,80.108758,82.996357,84.833318,78.854408,103.25189,75.182272,78.943082,85.273868,90.600213,76.631867,80.61871,73.26
1999-08-31,71.488033,80.366342,83.133611,84.618822,78.994202,103.56829,75.182272,79.703194,85.878882,90.771443,76.998746,80.954156,73.37
1999-09-30,71.904266,80.452204,83.186401,84.511574,79.284543,103.779223,75.332019,80.028957,85.978064,90.770459,77.136325,80.842341,73.5
1999-10-31,71.904266,80.366342,83.218075,84.72607,79.424337,103.146423,75.332019,80.354719,85.743332,90.683959,77.182185,80.954156,73.52
1999-11-30,71.904266,80.452204,83.587605,85.047815,79.49961,102.830023,75.332019,80.463306,85.938391,90.990008,77.182185,81.177786,73.61
1999-12-31,72.528616,80.280481,83.587605,85.262311,79.639404,102.724556,75.856186,80.897656,85.237501,91.10239,77.411485,80.39508,73.86
2000-01-31,72.528616,80.79565,83.693185,85.262311,79.929745,102.408156,75.856186,81.223419,85.640843,91.44485,77.870084,80.730526,73.75
2000-02-29,72.528616,81.39668,84.08383,85.262311,80.144812,102.619089,75.856186,81.332006,86.050798,91.413556,78.512122,80.842341,73.98
2000-03-31,73.048907,81.139096,84.08383,85.262311,80.209332,102.830023,76.380354,81.549181,85.974758,91.493464,78.557982,81.177786,74.24
2000-04-30,73.048907,81.482542,84.252758,85.262311,80.499673,102.93549,76.380354,81.657769,86.384713,91.448491,78.649702,81.401416,74.34
2000-05-31,73.048907,81.99771,84.463918,85.584056,80.71474,102.724556,76.380354,82.092118,86.368182,91.788885,79.062441,81.513231,74.46
2000-06-30,75.858481,82.255295,84.326664,86.013049,80.854534,102.408156,77.428688,81.766356,85.958228,91.856786,79.24588,81.065971,74.68
2000-07-31,75.858481,82.169433,84.485034,85.798552,80.929807,102.724556,77.428688,81.766356,86.017737,91.619229,79.24588,81.065971,74.66
2000-08-31,75.858481,82.512879,84.917912,86.013049,81.069601,102.619089,77.428688,82.526468,86.626057,92.0785,79.658619,81.736862,74.71
2000-09-30,76.066597,82.684602,84.812332,85.9058,81.359942,102.619089,78.327277,82.526468,86.814504,91.979796,79.796199,81.736862,75.09
2000-10-31,76.066597,82.942187,85.002376,86.013049,81.575009,102.302689,78.327277,82.960818,86.864095,92.418106,79.842059,81.848677,75.12
2000-11-30,76.066597,83.028048,84.960144,86.656538,81.639529,102.408156,78.327277,82.852231,86.778137,92.348827,79.796199,81.848677,75.28
2000-12-31,76.899063,82.684602,84.601172,86.442041,82.005144,102.408156,78.177531,83.503755,86.520262,92.282697,80.300657,81.177786,75.5
2001-01-31,76.899063,83.11391,84.833448,86.871034,82.284731,102.091756,78.177531,84.15528,86.83434,92.157915,80.621677,81.289601,75.12
2001-02-28,76.899063,83.371494,85.213535,86.871034,82.360005,101.986289,78.177531,84.372455,87.475721,92.305527,80.805116,81.625047,75.34
2001-03-31,77.523413,83.972524,85.625297,87.300027,82.714866,102.091756,78.851444,84.698217,88.236121,92.560798,81.126135,82.072307,75.72
2001-04-30,77.523413,84.659416,86.153196,87.621771,82.929933,102.197223,78.851444,85.132567,88.834522,93.063368,81.493014,82.743198,76.18
2001-05-31,77.523413,84.745278,86.205986,87.72902,83.145,101.986289,78.851444,85.132567,88.705585,93.239519,81.630594,82.855013,76.58
2001-06-30,77.73153,84.487693,86.026501,87.836268,83.220274,101.669889,79.300794,84.046693,88.252651,93.0985,81.401295,82.295937,76.69
2001-07-31,77.73153,84.487693,86.026501,87.621771,83.220274,101.986289,79.300794,83.938105,88.470853,92.582054,81.401295,82.631383,76.44
2001-08-31,77.73153,84.659416,86.18487,87.621771,83.220274,101.880823,79.300794,84.372455,89.214722,92.699947,81.768174,82.855013,76.44
2001-09-30,78.459938,84.230109,86.23766,87.514523,83.360067,101.880823,79.750033,84.372455,88.973378,92.55942,81.493014,82.631383,76.67
2001-10-31,78.459938,83.457355,86.005385,87.300027,83.499861,101.353489,79.750033,84.372455,89.006439,92.683414,81.355435,82.519568,76.69
2001-11-30,78.459938,83.629078,86.110964,88.158012,83.575135,101.248023,79.750033,84.58963,89.085785,92.649168,81.034416,82.743198,76.62
2001-12-31,79.188345,83.800801,86.512168,88.158012,83.929996,101.037089,80.199382,84.698217,88.867583,92.763814,81.217855,82.407753,76.93
2002-01-31,79.188345,84.31597,86.617748,88.479757,84.220336,100.509756,80.199382,84.806805,89.082479,92.760862,81.538874,82.519568,76.96
2002-02-28,79.188345,84.917001,86.997836,88.694253,84.435404,100.720689,80.199382,85.132567,89.846184,92.775918,81.997473,82.855013,77.08
2002-03-31,79.708637,85.432169,87.325133,88.587005,84.650471,101.037089,81.023042,85.241155,90.236302,93.57637,82.456072,83.190458,77.5
2002-04-30,79.708637,85.603892,87.430713,88.694253,84.865538,101.353489,81.023042,85.45833,90.467728,93.666216,82.456072,83.414089,77.85
2002-05-31,79.708637,85.775615,87.420155,88.694253,84.930058,101.248023,81.023042,85.45833,90.335485,93.543403,82.501932,83.414089,77.99
2002-06-30,80.228928,86.290784,87.420155,88.801501,85.080605,100.826156,81.397463,85.349742,90.014795,93.050378,82.593652,83.190458,77.96
2002-07-31,80.228928,86.63423,87.620757,88.694253,85.220399,101.142556,81.397463,85.02398,90.067692,93.019478,82.868811,83.414089,77.85
2002-08-31,80.228928,86.63423,87.779127,88.694253,85.360193,101.142556,81.397463,85.566917,90.752052,93.160399,83.006391,83.637719,77.93
2002-09-30,80.74922,86.891815,87.916381,88.587005,85.57526,100.931622,81.921631,85.892679,91.046293,93.704595,83.14397,83.749534,78.14
2002-10-31,80.74922,87.149399,87.916381,88.265261,85.865601,100.931622,81.921631,86.218442,90.824786,93.531988,83.14397,83.749534,78.32
2002-11-30,80.74922,86.805953,88.064193,89.123246,85.930121,100.931622,81.921631,86.869967,90.940499,93.474616,82.960531,84.08498,78.27
2002-12-31,81.789802,87.578706,88.23312,89.123246,86.295735,100.615222,82.221234,88.933128,91.23474,93.549406,83.32741,83.525904,78.62
2003-01-31,81.789802,88.265598,88.845484,89.659487,86.435529,100.298822,82.221234,89.041716,92.041425,93.641417,83.969448,83.861349,78.5
2003-02-28,81.789802,88.523183,89.204455,89.659487,86.72587,100.615222,82.221234,88.390191,92.514196,94.01832,84.473907,84.196795,78.82
2003-03-31,81.789802,87.922152,89.07776,89.444991,86.940937,100.931622,82.221234,87.738666,92.186893,94.205099,84.290467,84.420425,79.25
2003-04-30,81.789802,88.008014,88.97218,89.230494,87.156004,101.142556,82.221234,87.195729,92.077792,94.054043,84.152888,84.420425,79.38
2003-05-31,81.789802,88.008014,89.141108,89.552239,87.220525,100.826156,82.221234,86.978554,91.823224,94.056109,84.244607,84.30861,79.34
2003-06-30,82.310094,88.093875,89.046086,89.659487,87.371072,100.615222,82.595655,86.652792,91.505839,93.302205,84.336327,84.196795,79.39
2003-07-31,82.310094,88.35146,89.257245,89.659487,87.586139,100.826156,82.595655,86.869967,91.479391,93.519391,84.657346,84.53224,79.28
2003-08-31,82.310094,88.523183,89.595101,89.659487,87.725933,100.931622,82.595655,87.304316,92.143914,93.654703,84.932506,84.867685,79.42
2003-09-30,82.726327,88.265598,89.785145,89.659487,87.790453,100.931622,83.19464,87.304316,92.20673,94.129718,84.840786,84.979501,79.71
2003-10-31,82.726327,88.523183,89.890725,89.444991,88.00552,100.404289,83.19464,87.412904,92.014977,94.011333,84.611487,84.867685,79.82
2003-11-30,82.726327,88.609044,89.985747,90.08848,88.080794,100.509756,83.19464,87.412904,92.097629,94.029736,84.519767,85.203131,79.84
2003-12-31,83.454735,88.694906,89.985747,90.08848,88.220587,100.298822,83.494244,87.304316,91.895957,93.710697,84.932506,84.75587,80.08
2004-01-31,83.454735,88.866629,90.365834,90.302976,88.435655,100.298822,83.494244,87.412904,91.67445,93.726442,85.391105,84.979501,79.84
2004-02-29,83.454735,89.210074,90.724806,90.624721,88.725995,100.509756,83.494244,87.847254,92.365422,93.927096,85.941423,85.091316,80.03
2004-03-31,83.870968,89.381797,90.957082,90.946465,88.941063,100.509756,84.168157,87.955841,92.385258,94.71938,86.216582,85.426761,80.47
2004-04-30,83.870968,90.154551,91.294937,91.160962,89.15613,100.615222,84.168157,88.064429,92.613378,94.938141,86.721041,85.650391,80.85
2004-05-31,83.870968,90.240412,91.326611,91.160962,89.295924,100.826156,84.168157,88.064429,92.210036,95.102089,86.996201,85.650391,81.16
2004-06-30,84.183143,90.154551,91.1788,91.26821,89.371197,100.509756,84.692325,87.955841,92.07118,94.106789,86.858621,85.426761,81.2
2004-07-31,84.183143,89.982828,91.379401,91.375458,89.586264,100.615222,84.692325,87.738666,91.962079,94.455449,86.904481,85.650391,81.03
2004-08-31,84.183143,90.154551,91.463865,91.160962,89.586264,100.931622,84.692325,88.281603,92.633215,94.46096,87.08792,85.762206,81.17
2004-09-30,84.807492,90.326274,91.696141,91.26821,89.586264,101.458956,85.441167,88.498778,92.90762,95.346535,87.546519,85.985837,81.27
2004-10-31,84.807492,90.66972,91.748931,91.160962,89.650785,101.248023,85.441167,88.498778,92.37534,95.438054,87.592379,86.097652,81.58
2004-11-30,84.807492,90.497997,91.854511,92.126195,89.865852,100.720689,85.441167,88.390191,92.355503,95.281881,87.27136,86.544912,81.56
2004-12-31,85.431842,90.412135,91.347727,91.482706,89.865852,100.509756,85.815588,88.173016,91.872815,94.839733,87.454799,86.097652,81.85
2005-01-31,85.431842,90.755581,91.907301,91.804451,90.156193,100.193356,85.815588,88.281603,92.305912,95.04826,87.959258,86.321282,81.42
2005-02-28,85.431842,91.27075,92.48799,92.233444,90.446533,100.509756,85.815588,88.715953,92.487747,95.2807,88.647156,86.656728,81.69
2005-03-31,85.952133,91.528334,92.667476,92.018947,90.586327,100.615222,86.56443,89.150303,92.623296,96.060682,89.243335,86.992173,82.21
2005-04-30,85.952133,91.614196,92.730824,92.126195,90.876668,100.720689,86.56443,89.476066,92.686112,95.965227,89.151615,87.327618,82.55
2005-05-31,85.952133,91.785919,92.836404,92.340692,90.876668,100.298822,86.56443,89.476066,92.719173,95.749516,89.197475,87.327618,82.75
2005-06-30,86.784599,91.957642,92.69915,92.662436,91.231529,100.193356,87.537837,89.258891,92.37534,95.225886,89.610214,87.439433,82.83
2005-07-31,86.784599,92.301088,93.058122,92.769685,91.371323,100.298822,87.537837,89.367478,92.553869,95.362969,90.068813,87.663064,82.77
2005-08-31,86.784599,93.073841,93.417093,92.876933,91.371323,100.615222,87.537837,90.019003,93.188637,95.780219,91.16945,87.886694,82.95
2005-09-30,87.200832,92.644533,93.395977,92.984181,91.58639,100.615222,88.136932,90.12759,93.353941,96.617771,91.35289,87.998509,83.33
2005-10-31,87.200832,92.472811,93.205934,92.662436,91.661663,100.193356,88.136932,90.12759,93.129127,96.346164,90.619131,87.998509,83.53
2005-11-30,87.200832,92.386949,93.322071,93.413174,91.661663,100.298822,88.136932,90.019003,93.172107,96.240769,90.252252,88.222139,83.38
2005-12-31,87.92924,92.902118,93.22705,93.091429,91.876731,100.404289,88.6611,89.801828,92.434849,96.06393,90.940151,87.774879,83.62
2006-01-31,87.92924,92.730395,93.586021,93.520422,92.091798,100.087889,88.6611,90.56194,92.867947,96.363287,91.12359,88.110324,83.28
2006-02-28,87.92924,93.245564,93.849971,93.520422,92.306865,100.298822,88.6611,90.779115,93.525858,96.261041,91.628049,88.222139,83.52
2006-03-31,89.386056,93.760733,94.251175,93.842166,92.586453,100.509756,90.009038,91.539227,93.998628,97.078025,92.407667,88.781215,83.92
2006-04-30,89.386056,94.19004,94.652378,93.842166,92.876793,100.826156,90.009038,91.539227,94.144096,97.272185,92.866266,89.340291,84.47
2006-05-31,89.386056,94.018317,94.652378,94.056663,92.952067,100.826156,90.009038,91.43064,94.117647,97.245418,93.049705,89.563921,84.76
2006-06-30,90.218522,94.104179,94.494008,94.378407,93.231654,100.509756,90.639032,91.104877,93.955649,96.582442,93.324865,89.452106,84.85
2006-07-31,90.218522,94.275902,94.810748,94.271159,93.382201,101.248023,90.639032,91.104877,94.018464,96.747669,93.508304,89.899366,84.76
2006-08-31,90.218522,93.760733,94.599588,93.949415,93.306928,101.248023,90.639032,92.407927,94.567275,96.540619,93.049705,90.011182,84.91
2006-09-30,90.114464,93.58901,94.388428,93.949415,93.231654,101.037089,90.459049,92.516514,94.577193,96.867629,92.545247,90.122997,84.95
2006-10-31,90.114464,93.760733,94.494008,93.949415,93.306928,100.509756,90.459049,92.407927,94.696212,96.825609,92.407667,90.346627,85.02
2006-11-30,90.114464,93.932456,94.715726,94.700152,93.382201,100.615222,90.459049,91.973577,94.696212,96.8385,92.545247,90.905703,85.08
2006-12-31,90.114464,93.932456,94.388428,94.700152,93.446722,100.404289,90.909061,90.887702,94.226748,96.162043,92.827743,90.122997,85.4
2007-01-31,90.114464,94.619347,94.567914,95.129145,93.737062,99.876956,90.909061,91.213465,94.702824,96.352266,93.324406,90.570257,85.03
2007-02-28,90.114464,95.392101,94.969118,95.343641,93.876856,100.193356,90.909061,91.756402,95.324368,96.427351,94.17419,91.017518,85.31
2007-03-31,91.259105,95.821408,95.433669,95.772634,94.01665,100.509756,91.809194,91.756402,95.807057,97.518795,94.78596,91.241148,85.83
2007-04-30,91.259105,96.250716,95.665945,95.772634,94.306991,100.826156,91.809194,91.86499,95.704568,97.746807,95.365171,91.464778,86.31
2007-05-31,91.259105,96.078993,95.782083,95.879882,94.522058,100.615222,91.809194,91.756402,95.859954,97.858697,95.549986,91.688408,86.54
2007-06-30,91.883455,96.164854,95.539249,96.308875,94.737125,100.509756,92.259206,91.539227,95.707874,97.278188,95.52568,91.129333,86.65
2007-07-31,91.883455,95.90727,95.929895,96.201627,94.876919,101.037089,92.259206,91.43064,95.681426,97.169348,95.350496,91.464778,86.42
2007-08-31,91.883455,96.078993,96.035475,96.416123,94.876919,101.037089,92.259206,92.082165,96.636884,97.261852,95.613273,91.576593,86.53
2007-09-30,92.715921,95.821408,96.278309,96.630619,95.16726,101.248023,93.339322,92.299339,97.149328,98.092318,95.817808,92.023854,86.85
2007-10-31,92.715921,96.078993,96.806208,97.16686,95.522121,101.142556,93.339322,93.819564,97.777484,98.539681,96.386929,92.247484,87.3
2007-11-30,92.715921,96.164854,97.16518,97.703101,95.812461,101.248023,93.339322,94.579676,97.965931,98.779108,96.322267,92.80656,87.75
2007-12-31,93.96462,95.993131,97.049042,97.381357,96.242596,101.142556,93.969426,94.145326,97.238592,98.495102,96.801044,92.135669,88.11
2008-01-31,93.96462,96.336577,97.260202,97.810349,96.457663,100.931622,93.969426,94.688264,97.641934,98.63061,97.082165,92.80656,87.92
2008-02-29,93.96462,96.680023,97.988703,98.34659,96.952318,101.353489,93.969426,94.688264,98.574251,98.964115,97.923694,93.25382,88.3
2008-03-31,95.317378,97.452776,98.316001,98.132094,97.167385,101.248023,95.499554,94.688264,99.007348,99.745968,98.517579,93.924711,89.04
2008-04-30,95.317378,98.397252,98.8439,98.668335,97.672793,102.091756,95.499554,94.688264,99.397466,100.538153,99.347185,94.595602,89.41
2008-05-31,95.317378,99.084144,99.202872,98.99008,98.102928,102.619089,95.499554,94.905438,99.870236,100.708104,100.348306,95.266493,89.97
2008-06-30,96.462019,99.42759,98.991712,99.52632,98.597582,102.830023,96.939745,95.448376,99.665259,100.269204,100.875236,95.154678,90.34
2008-07-31,96.462019,99.255867,98.960038,99.204576,98.748129,103.146423,96.939745,95.556963,99.837175,100.008225,100.472586,95.825568,90.26
2008-08-31,96.462019,99.341729,98.89669,99.097328,98.457789,103.146423,96.939745,96.9686,100.862062,100.108995,100.333631,96.272829,90.23
2008-09-30,96.149844,98.311391,98.8439,98.882831,98.457789,103.040956,96.489623,97.294363,101.020754,100.640891,99.320127,96.049199,90.48
2008-10-31,96.149844,97.967945,98.379349,98.453839,98.102928,102.091756,96.489623,96.751425,100.194233,99.970535,97.417859,95.937384,90.51
2008-11-30,96.149844,97.281053,98.136515,98.775583,97.952381,101.669889,96.489623,96.642838,98.848656,99.471507,96.410318,95.601938,90.17
2008-12-31,96.253902,97.023469,97.735311,98.34659,97.812587,101.142556,96.759652,96.317075,98.48168,98.632185,96.829935,94.931047,90.01
2009-01-31,96.253902,97.710361,98.104841,98.882831,98.027654,100.826156,96.759652,97.077188,98.504823,98.864821,97.311464,95.713753,89.46
2009-02-28,96.253902,97.882084,98.284327,98.668335,98.102928,101.142556,96.759652,97.077188,98.78584,98.544306,97.548101,95.937384,89.93
2009-03-31,96.670135,97.796222,98.442697,98.775583,98.317995,101.248023,97.29971,97.40295,98.93792,99.413151,97.791617,96.161014,90.25
2009-04-30,96.670135,98.483114,98.590508,98.668335,98.533062,101.037089,97.29971,97.620125,98.683351,99.571588,98.074114,96.608274,90.55
2009-05-31,96.670135,98.82656,98.717204,98.99008,98.597582,100.826156,97.29971,98.163062,98.92139,99.750298,98.91656,96.94372,90.72
2009-06-30,97.60666,98.483114,98.273769,98.99008,98.597582,100.509756,98.559809,97.620125,98.46515,99.088405,98.759719,96.94372,90.9
2009-07-31,97.60666,98.483114,98.780552,99.204576,98.887923,100.826156,98.559809,97.40295,98.670127,99.198031,98.981223,97.279165,90.48
2009-08-31,97.60666,98.483114,98.537718,98.882831,98.672856,100.826156,98.559809,98.163062,98.974287,99.185337,99.043134,97.39098,90.74
2009-09-30,98.126951,98.397252,98.63274,98.99008,98.748129,100.404289,98.379826,97.945887,99.222243,99.801962,99.138522,97.502795,90.77
2009-10-31,98.126951,98.912421,98.769994,98.775583,98.748129,100.193356,98.379826,98.27165,99.199101,99.994547,99.208688,97.838241,90.95
2009-11-30,98.126951,98.568975,99.033944,99.633569,98.963197,99.982422,98.379826,98.597412,99.417302,99.752758,99.033962,98.397316,91.1
2009-12-31,99.063476,98.82656,98.812226,98.99008,99.10299,100.087889,98.739902,98.705999,98.789146,99.64195,99.372407,98.173686,91.39
2010-01-31,99.063476,99.255867,99.361242,99.419072,99.167511,100.087889,98.739902,99.900461,99.384242,99.787004,99.397172,98.620947,90.94
2010-02-28,99.063476,99.255867,99.846909,99.955313,99.457851,100.298822,98.739902,100.443399,99.62228,99.923791,99.805325,99.180022,91.24
2010-03-31,99.687825,99.599313,100.100301,99.955313,99.812712,100.298822,98.919884,100.660574,99.635504,100.777777,99.978675,99.739098,92.07
2010-04-30,99.687825,99.856898,100.216439,99.955313,99.887986,100.298822,98.919884,100.117636,99.820645,100.673661,100.056178,99.962728,92.47
2010-05-31,99.687825,99.771036,100.205881,99.955313,99.887986,100.087889,98.919884,100.009049,99.837175,100.23545,99.958497,100.074543,92.6
2010-06-30,100.416233,100.286205,99.920815,100.062561,100.242847,99.560555,100,99.466112,99.529709,99.502998,99.979592,99.850913,92.64
2010-07-31,100.416233,100.200343,100.153091,100.16981,100.457914,99.666022,100,99.248937,99.536321,99.489221,100.117631,100.409989,92.38
2010-08-31,100.416233,100.372066,100.079185,100.062561,100.242847,99.876956,100,99.900461,100.376067,99.466193,100.175873,100.409989,92.56
2010-09-30,100.832466,100.801374,100.205881,100.16981,100.457914,100.193356,102.340214,100.009049,100.696758,99.995432,100.300612,100.633619,92.81
2010-10-31,100.832466,100.887235,100.322019,100.384306,100.457914,99.876956,102.340214,100.226224,101.030672,100.23545,100.342803,100.969064,93.09
2010-11-30,100.832466,100.887235,100.776012,100.920547,100.823528,99.666022,102.340214,101.312098,101.741481,100.271073,100.515236,101.975401,93.23
2010-12-31,102.289282,101.14482,100.533178,100.706051,101.232156,99.560555,103.150301,100.660574,101.215813,99.919461,100.994013,102.087216,93.83
2011-01-31,102.289282,101.402404,101.008288,101.34954,101.53325,99.560555,103.150301,101.094924,101.834051,100.296069,101.492051,102.869922,93.44
2011-02-28,102.289282,102.518603,101.831811,101.885781,101.931125,99.771489,103.150301,101.420686,102.525023,100.927259,102.481708,103.093552,93.88
2011-03-31,103.225806,102.862049,102.180225,101.993029,102.436533,99.876956,104.140371,101.963623,102.964732,101.038657,103.141631,104.211703,94.9
2011-04-30,103.225806,103.548941,102.233015,101.885781,102.533313,99.876956,104.140371,101.746448,103.156485,101.045348,103.626829,104.435334,95.48
2011-05-31,103.225806,102.862049,102.317479,101.993029,102.630093,99.771489,104.140371,101.420686,102.911835,100.801099,103.515848,104.323518,95.56
2011-06-30,103.850156,103.033772,101.863485,102.207525,102.931187,99.771489,104.590493,101.094924,102.862244,99.972798,103.607568,104.323518,95.51
2011-07-31,103.850156,103.291357,102.391385,102.314773,103.232282,99.876956,104.590493,100.551986,102.895305,99.680526,103.893275,104.882594,95.1
2011-08-31,103.850156,103.548941,102.317479,102.52927,103.232282,99.876956,104.590493,101.420686,103.616031,99.949279,104.051033,105.553485,95.3
2011-09-30,103.850156,103.720664,102.560313,102.52927,103.83447,99.982422,104.230417,101.312098,103.619337,99.882952,103.836409,105.6653,95.9
2011-10-31,103.850156,103.806525,102.845378,102.636518,103.73769,99.349622,104.230417,101.312098,103.863988,99.708573,103.748816,105.777115,96.2
2011-11-30,103.850156,103.205495,103.25714,102.958263,104.135564,99.455089,104.230417,101.420686,104.068965,99.554465,103.492918,106.336191,96.35
2011-12-31,103.954214,103.634803,102.898168,102.743766,104.436658,99.666022,104.770475,101.203511,103.100282,99.130622,103.948307,105.777115,96.68
2012-01-31,103.954214,104.06411,103.320488,103.494504,104.834533,99.876956,104.770475,102.289386,103.784642,99.409904,104.405988,106.336191,96.14
2012-02-29,103.954214,104.493417,104.175685,104.137993,105.329187,100.298822,104.770475,102.180798,104.075577,99.96404,105.198906,106.671636,96.64
2012-03-31,104.474506,104.922725,104.312939,103.923496,105.834595,100.404289,105.130551,102.289386,104.303697,100.038929,105.516715,107.342527,97.63
2012-04-30,104.474506,104.836863,104.260149,103.816248,105.834595,100.087889,105.130551,102.289386,104.217739,100.021018,105.392893,107.230712,98.09
2012-05-31,104.474506,104.407556,104.291823,103.709,106.028156,99.560555,105.130551,101.746448,103.959864,99.738882,105.238345,106.783451,98
2012-06-30,105.931322,104.321694,103.837829,104.137993,106.13569,99.244155,105.40058,101.312098,103.556522,99.258946,105.066829,106.895266,97.89
2012-07-31,105.931322,104.579279,104.524099,104.459737,106.533564,99.455089,105.40058,100.877749,103.662316,99.228833,105.651543,107.454342,97.52
2012-08-31,105.931322,104.751002,104.270707,104.566985,106.533564,99.560555,105.40058,101.963623,104.078883,99.53813,106.122982,107.901603,97.87
2012-09-30,106.139438,104.922725,104.460751,104.566985,106.533564,99.560555,105.220487,102.397973,104.006149,99.66114,106.081709,108.460678,98.48
2012-10-31,106.139438,104.66514,104.302381,104.674234,106.32925,99.244155,105.220487,102.50656,103.751581,99.334228,105.579084,108.684309,98.75
2012-11-30,106.139438,104.06411,104.629679,104.995978,106.533564,99.244155,105.220487,102.832323,104.012761,99.12206,105.294753,109.131569,98.62
2012-12-31,106.555671,104.149971,104.101779,104.459737,106.737878,99.349622,105.670609,102.615148,103.149873,98.863247,105.606142,108.572493,98.95
2013-01-31,106.555671,105.352032,104.397403,105.103226,106.834658,99.138689,105.670609,103.266673,103.609419,99.155421,106.471059,109.355199,98.16
2013-02-28,106.555671,105.523755,105.189252,105.532219,107.028219,99.349622,105.670609,103.592435,104.025986,99.370836,106.749428,109.690645,98.56
2013-03-31,106.971904,105.352032,105.030882,105.103226,107.028219,99.666022,105.850591,104.135372,103.821009,99.404196,106.638448,109.914275,99.46
2013-04-30,106.971904,105.609616,105.09423,105.532219,107.028219,99.771489,105.850591,104.24396,103.989619,99.513528,106.828307,110.137905,99.45
2013-05-31,106.971904,105.609616,105.263158,105.639467,107.329313,99.771489,105.850591,103.918197,103.807784,99.611345,107.084664,109.914275,99.55
2013-06-30,108.220604,105.695478,104.946418,106.06846,107.436846,99.982422,106.840661,104.352547,103.662316,99.256191,107.126855,109.914275,99.6
2013-07-31,108.220604,105.695478,105.432086,106.06846,107.834721,100.298822,106.840661,104.24396,103.758193,99.184648,107.255722,110.361536,99.2
2013-08-31,108.220604,105.867201,105.189252,106.06846,107.533627,100.615222,106.840661,104.67831,104.158229,99.483021,107.38046,110.808796,99.33
2013-09-30,109.05307,105.609616,105.051998,105.853964,107.329313,100.720689,106.930707,104.895485,103.943334,99.406657,107.103925,110.808796,99.74
2013-10-31,109.05307,105.609616,105.009766,106.06846,107.028219,100.720689,106.930707,105.004072,103.877212,99.413545,106.885174,110.920611,99.66
2013-11-30,109.05307,105.352032,105.368738,106.497453,107.232533,100.826156,106.930707,104.895485,104.154923,99.188486,106.876002,111.367872,99.58
2013-12-31,109.677419,105.695478,104.77749,105.961212,107.436846,100.720689,107.290783,104.895485,102.948202,98.917076,107.273607,110.696981,99.92
2014-01-31,109.677419,106.554093,105.35818,106.390205,107.329313,100.720689,107.290783,105.438422,103.381299,99.015386,107.670295,111.256057,99.04
2014-02-28,109.677419,107.155123,105.833289,106.711949,107.436846,100.931622,107.290783,105.655597,103.374687,99.373591,108.363696,111.479687,99.36
2014-03-31,110.197711,107.498569,105.791057,106.604701,107.630407,103.040956,107.560812,106.089947,103.774723,99.441985,108.720945,111.926947,100.07
2014-04-30,110.197711,108.013738,105.812173,106.390205,107.533627,103.462823,107.560812,106.198534,103.827621,99.733273,109.100665,111.815132,100.25
2014-05-31,110.197711,108.099599,105.769941,106.711949,107.630407,103.357356,107.560812,105.872772,104.042516,99.660845,109.303824,112.038763,100.16
2014-06-30,110.718002,107.927876,105.432086,106.926446,107.533627,103.462823,107.920777,106.741471,103.701989,99.28778,109.261174,111.703317,100.26
2014-07-31,110.718002,107.927876,105.896637,107.033694,107.737941,103.673756,107.920777,106.307122,103.596195,99.255797,109.078652,112.038763,99.74
2014-08-31,110.718002,108.013738,105.495434,107.033694,107.329313,103.88469,107.920777,106.958646,103.761499,99.395832,109.160741,112.150578,99.84
2014-09-30,110.926119,108.099599,105.527108,106.711949,107.436846,103.56829,107.740794,107.067234,103.817702,99.39406,108.886499,112.262393,100.15
2014-10-31,110.926119,107.670292,105.347622,106.711949,107.232533,103.25189,107.740794,107.067234,103.665622,99.355287,108.298575,111.926947,100.14
2014-11-30,110.926119,106.897539,105.432086,106.711949,107.232533,103.25189,107.740794,107.067234,103.827621,98.862656,107.684512,111.926947,99.93
2014-12-31,111.134235,106.725816,104.376287,105.639467,106.834658,103.146423,107.560812,107.067234,102.736612,98.437041,107.17776,111.032426,99.84
2015-01-31,111.134235,107.670292,105.073114,106.390205,107.232533,102.93549,107.560812,107.392996,103.457339,98.184133,107.643238,111.256057,98.57
2015-02-28,111.134235,108.443045,105.759383,106.926446,107.329313,103.25189,107.560812,107.718758,103.543297,98.504353,108.2839,111.479687,99.07
2015-03-31,111.862643,108.357184,105.875521,107.462687,107.533627,103.779223,108.010823,108.153108,103.533379,98.325643,108.504028,111.703317,99.97
2015-04-30,111.862643,108.958214,106.128913,107.677183,107.630407,104.095623,108.010823,108.370283,103.890436,98.554541,109.057098,111.926947,100.36
2015-05-31,111.862643,109.215799,106.044449,107.677183,107.834721,103.779223,108.010823,108.696046,103.589583,98.626969,109.439111,112.038763,100.62
2015-06-30,112.382934,109.30166,105.611572,107.891679,107.737941,103.673756,108.370788,108.696046,103.622643,98.020874,109.446448,111.815132,100.59
2015-07-31,112.382934,109.30166,105.949427,107.891679,107.931501,103.779223,108.370788,108.478871,103.417666,97.863716,109.291442,112.150578,100.12
2015-08-31,112.382934,109.129937,105.527108,107.677183,107.533627,103.88469,108.370788,109.238983,103.830927,97.960845,109.121302,112.038763,100.11
2015-09-30,112.799168,109.215799,105.590456,107.677183,107.737941,103.88469,107.830841,109.673333,103.906967,98.042523,109.072232,112.150578,100.23
2015-10-31,112.799168,109.129937,105.389854,106.926446,107.329313,103.462823,107.830841,109.999095,103.728438,97.971768,108.842015,112.150578,100.34
2015-11-30,112.799168,108.614768,105.62213,106.926446,107.329313,103.462823,107.830841,109.564745,103.880518,97.56918,108.470091,112.150578,100.01
2015-12-31,112.591051,108.872353,104.608563,106.175708,107.135752,103.040956,108.010823,110.21627,103.523461,97.190112,108.649403,111.256057,100.02
2016-01-31,112.591051,109.129937,104.872512,106.497453,106.888425,103.146423,108.010823,110.867795,103.857375,97.370593,108.73883,111.591502,98.83
2016-02-29,112.591051,109.816829,105.601014,107.24819,107.103492,103.25189,108.010823,111.302145,104.373125,97.656468,109.20706,112.038763,98.98
2016-03-31,113.007284,110.160275,105.674919,107.355438,106.995959,103.462823,108.460835,111.736494,104.353288,97.979542,109.724818,112.038763,99.93
2016-04-30,113.007284,110.589582,106.107797,107.891679,107.318559,103.56829,108.460835,112.062257,104.541735,98.120955,110.168741,112.262393,100.13
2016-05-31,113.007284,110.847167,106.245051,107.998928,107.426093,103.462823,108.460835,112.713782,104.650836,98.258037,110.530576,112.486023,100.48
2016-06-30,113.83975,110.675444,105.843847,108.42792,107.64116,103.25189,108.82091,113.473894,104.713652,97.821991,110.351722,112.486023,100.65
2016-07-31,113.83975,110.503721,106.192261,108.320672,107.856228,103.25189,108.82091,112.822369,104.597939,97.723681,110.453073,112.821469,100.28
2016-08-31,113.83975,110.589582,105.938869,108.320672,107.64116,103.357356,108.82091,113.148131,104.773161,97.78312,110.718601,113.045099,100.34
2016-09-30,114.4641,110.847167,105.970543,108.535168,107.64116,103.990156,109.270922,113.691069,105.133525,97.8338,110.85664,113.156914,100.64
2016-10-31,114.4641,110.417859,105.949427,107.784431,107.426093,103.990156,109.270922,113.908244,105.166585,97.640329,110.684207,113.380544,100.87
2016-11-30,114.4641,110.246136,106.266167,108.535168,107.856228,103.779223,109.270922,113.365306,105.688947,97.562685,110.720436,113.93962,100.65
2016-12-31,114.984391,111.190612,106.012775,107.891679,108.178828,103.56829,110.351038,113.256719,104.96822,97.529325,111.365684,113.380544,101.16
2017-01-31,114.984391,111.362335,106.139471,108.535168,108.608963,103.462823,110.351038,113.691069,105.705477,97.999617,111.716054,114.16325,100.49
2017-02-28,114.984391,111.534058,106.815182,108.749665,108.608963,103.462823,110.351038,114.016831,105.688947,98.210998,111.806857,114.610511,100.93
2017-03-31,115.192508,111.963366,106.910204,109.178658,109.039097,103.88469,110.351038,114.234006,106.303879,98.408503,112.138423,115.057771,101.58
2017-04-30,115.192508,112.049227,106.962994,109.178658,108.82403,103.990156,110.351038,114.451181,106.370001,98.591345,112.234271,115.505032,102.1
2017-05-31,115.192508,111.963366,106.973552,109.500402,108.716497,103.88469,110.351038,114.885531,106.446041,98.451803,112.33608,115.505032,102.09
2017-06-30,115.920916,111.963366,106.604023,109.929395,108.82403,103.673756,110.891096,115.211293,107.014687,98.14408,112.258576,115.393217,102.15
2017-07-31,115.920916,112.049227,107.153038,110.036643,109.146631,103.88469,110.891096,114.342593,106.846077,98.175866,112.594729,116.064107,101.83
2017-08-31,115.920916,112.306812,106.98411,110.143891,108.82403,104.20109,110.891096,114.994118,106.991545,98.420706,113.190908,116.399553,102.08
2017-09-30,116.649324,112.392673,107.08969,109.929395,108.608963,104.20109,111.013144,115.102706,106.912199,98.480439,113.119366,116.511368,102.44
2017-10-31,116.649324,112.736119,107.19527,109.500402,108.393896,104.51749,111.013144,115.211293,107.1304,98.408897,113.122118,116.958628,102.55
2017-11-30,116.649324,112.306812,107.533126,110.036643,108.82403,104.83389,111.013144,115.211293,107.523824,98.38085,113.055621,117.294074,102.5
2017-12-31,117.169615,113.079565,107.427546,109.393154,109.146631,104.939357,111.564899,115.102706,106.624569,98.251247,113.671519,116.734998,102.82
2018-01-31,117.169615,113.766457,107.395872,109.714899,109.146631,104.939357,111.564899,116.18858,107.404805,98.615062,114.186985,117.294074,102.12
2018-02-28,117.169615,114.109903,108.483345,110.358388,109.469232,104.622957,111.564899,116.514343,107.699047,98.992162,114.445176,117.405889,102.35
2018-03-31,117.585848,114.453349,108.662831,110.572884,109.576766,104.51749,112.006303,116.948692,108.142063,99.198917,114.900106,117.853149,103.17
2018-04-30,117.585848,114.53921,109.127382,111.43087,109.899366,104.728423,112.006303,117.05728,108.393325,99.576509,115.377966,118.30041,103.6
2018-05-31,117.585848,114.710933,109.13794,111.538118,110.114434,104.622957,112.006303,117.817392,108.644588,99.580642,115.561864,118.30041,104.16
2018-06-30,118.106139,115.311963,109.042918,111.967111,110.437035,104.622957,112.999463,118.686092,109.209928,99.351646,115.56966,118.30041,104.28
2018-07-31,118.106139,115.226102,109.570818,112.074359,110.867169,105.255757,112.999463,118.251742,108.978502,99.335311,115.633864,119.083116,104.12
2018-08-31,118.106139,114.796795,109.338542,112.288855,110.329501,105.361223,112.999463,118.903267,109.477721,99.394552,115.768233,119.194931,104.32
2018-09-30,118.730489,115.14024,109.45468,112.503352,110.329501,105.677623,113.109814,118.686092,109.338866,99.570112,115.972768,119.306746,104.66
2018-10-31,118.730489,114.625072,109.222404,111.752614,110.114434,105.46669,113.109814,119.229029,109.233071,99.316219,115.584335,119.642192,104.91
2018-11-30,118.730489,114.53921,109.24352,111.752614,110.0069,105.15029,113.109814,119.229029,109.719065,99.061244,115.215163,119.754007,104.51
2018-12-31,118.730489,114.710933,108.757853,110.894629,110.114434,105.15029,113.220165,118.686092,108.624751,98.801545,115.434832,118.859486,104.5
2019-01-31,118.730489,115.483686,108.810642,111.323621,110.221967,105.15029,113.220165,119.663379,109.438048,99.18573,115.922781,119.418561,103.64
2019-02-28,118.730489,116.25644,109.686956,111.752614,110.544568,105.15029,113.220165,119.880554,109.692617,99.713887,116.576743,119.642192,104.02
2019-03-31,119.458897,116.771608,110.035369,112.825096,110.759635,105.46669,113.882271,120.314904,110.459629,99.901354,117.194017,120.313082,104.85
2019-04-30,119.458897,117.286777,110.151507,113.039592,110.759635,105.46669,113.882271,119.989141,110.73734,100.208092,117.443495,120.648528,105.58
2019-05-31,119.458897,117.029193,110.415457,113.361337,110.867169,105.255757,113.882271,120.097729,110.578648,100.178373,117.466883,120.648528,105.79
2019-06-30,120.083247,117.630223,110.204297,113.897578,110.867169,105.255757,114.654728,120.966428,111.018357,99.661337,117.663164,120.648528,105.9
2019-07-31,120.083247,117.4585,110.711081,113.683082,111.297304,105.46669,114.654728,120.097729,110.552199,99.651201,117.657202,121.207603,105.59
2019-08-31,120.083247,116.943331,110.330993,113.683082,110.652102,105.572157,114.654728,120.640666,111.067948,99.541968,117.74938,121.319419,105.73
2019-09-30,120.915713,117.286777,110.288761,113.79033,110.544568,105.888557,115.206483,120.857841,111.097703,99.318089,118.018578,121.095788,105.9
2019-10-31,120.915713,117.115054,110.352109,112.932344,110.329501,105.994024,115.206483,121.183603,111.203498,99.185927,117.955291,121.319419,106.03
2019-11-30,120.915713,117.115054,110.837776,113.468585,110.544568,105.994024,115.206483,120.857841,111.639901,99.215548,117.847979,121.319419,105.85
2019-12-31,121.331946,117.4585,110.373225,112.825096,110.652102,105.994024,116.089292,120.857841,110.033144,99.001412,118.305202,120.983973,106.14
2020-01-31,121.331946,117.973669,110.362667,113.254089,110.544568,105.78309,116.089292,120.749253,110.578648,99.12393,118.629431,121.431234,105.44
2020-02-29,121.331946,117.286777,110.426015,113.361337,110.652102,105.78309,116.089292,120.749253,110.393507,99.200196,118.37124,121.431234,105.66
2020-03-31,119.042664,116.514024,110.394341,113.79033,110.759635,105.677623,115.537536,121.292191,110.059592,98.839235,117.579699,121.319419,106.14
2020-04-30,119.042664,116.85747,110.552711,113.683082,110.544568,105.572157,115.537536,121.509366,110.724115,98.880764,117.581992,121.319419,106.37
2020-05-31,119.042664,117.801946,110.637175,114.326571,110.652102,105.361223,115.537536,121.726541,111.36219,98.901331,118.225406,121.431234,106.38
2020-06-30,120.915713,117.801946,111.059494,113.79033,110.437035,105.46669,116.309994,122.59524,111.603534,98.744567,118.823419,121.990309,106.76
2020-07-31,120.915713,117.630223,110.953914,113.683082,110.759635,105.572157,116.309994,122.16089,111.43823,98.788063,119.198094,121.431234,106.51
2020-08-31,120.915713,117.544362,110.383783,113.468585,110.0069,105.361223,116.309994,122.59524,111.504352,98.745748,119.364107,121.990309,106.13
2020-09-30,121.956296,118.059531,110.341551,113.575833,110.221967,105.255757,116.861749,122.921003,111.405169,98.751751,119.413636,121.990309,106.17
2020-10-31,121.956296,118.231254,110.573827,112.6106,110.114434,104.939357,116.861749,122.052303,111.415087,98.506714,119.340718,121.766679,106.37
2020-11-30,121.956296,117.973669,110.816661,113.146841,110.329501,104.728423,116.861749,122.59524,112.188711,98.408109,119.453075,122.102124,106.07
2020-12-31,122.684703,118.660561,110.985588,114.004826,111.082236,105.255757,117.854908,123.89829,111.775451,98.462529,119.961203,121.878494,106.41
2021-01-31,122.684703,119.261591,110.985588,114.755564,111.18977,105.255757,117.854908,124.766989,112.079611,98.62441,120.617916,121.990309,106.72
2021-02-28,122.684703,119.862622,111.650742,115.291804,111.512371,105.361223,117.854908,124.441227,112.254833,98.956931,121.472286,122.325755,107
2021-03-31,123.621228,120.463652,111.76688,116.042542,111.942505,104.51749,119.399823,124.875577,112.529238,99.163392,122.470655,123.108461,107.91
2021-04-30,123.621228,121.064682,112.125851,116.578783,111.942505,104.83389,119.399823,124.766989,112.750746,99.425551,123.452516,123.891167,108.53
2021-05-31,123.621228,121.408128,112.273663,117.007775,112.050039,104.939357,119.399823,125.201339,112.843316,99.49916,124.599471,124.450242,108.83
2021-06-30,124.557752,122.180882,112.337011,118.080257,112.587707,105.15029,122.048248,126.287214,113.14417,99.414824,125.19886,124.450242,109.1
2021-07-31,124.557752,122.438466,113.02328,118.080257,113.017842,105.15029,122.048248,126.287214,113.726041,99.658975,125.45751,125.344763,109.14
2021-08-31,124.557752,122.69605,112.769889,118.080257,112.802774,105.572157,122.048248,127.590263,114.304606,99.676295,125.798249,125.680209,109.5
2021-09-30,,123.554665,113.23444,118.723747,113.55551,105.361223,,127.264501,114.536032,99.978112,126.843395,127.02199,110.03
2021-10-31,,123.81225,113.646202,118.50925,114.200712,105.572157,,128.241788,115.0617,100.016688,127.466631,128.028327,111
2021-11-30,,123.640527,113.86792,119.152739,114.630846,,,129.110488,116.529602,99.914836,127.858275,128.699217,111.54
