Date,DEM,JPY,USD,FRF,NZD,CAD,AUD,ITL,SEK,GBP,NOK,CHF
01/31/1970,7.7,,8.53,,4.49,,5.68,,,,5.88,
02/28/1970,7.74,,7.45,,4.54,,5.65,,,,6.06,
03/31/1970,8.3,,7.22,,4.64,,5.8,,,,6.1,
04/30/1970,8.1,,8.11,,4.61,,6.5,,,,5.63,
05/31/1970,8.39,,8.23,,4.61,,6.45,,,,5.64,
06/30/1970,8.64,,7.93,,4.6,,6.48,,,,5.71,
07/31/1970,7.92,,7.66,,4.58,,6.45,,,,5.76,
08/31/1970,8.05,,7.46,,4.59,,6.35,,,,5.74,
09/30/1970,8.33,,6.96,,4.63,,6.4,,,,5.75,
10/31/1970,8.19,,6.85,,4.59,,6.43,,,,5.56,
11/30/1970,7.97,,5.5,,4.99,,6.43,,,,5.38,
12/31/1970,7.52,,5.71,,5.04,,6.44,,,,5.42,
01/31/1971,7.22,,4.78,,5.14,,6.45,,,,5.46,
02/28/1971,7.51,,4.24,,5.17,,6.48,,,,5.51,
03/31/1971,7.64,,4.06,,5.17,,6.4,,,,5.56,
04/30/1971,7.36,,5.28,,5.15,,6.35,,,,5.66,
05/31/1971,7.51,,5.69,,5.14,,6.4,,,,5.74,
06/30/1971,8,,6.58,,5.15,,6.3,,,,5.7,
07/31/1971,7.91,,6.59,,5.11,,6.32,,,,5.74,
08/31/1971,7.76,,5.66,,5.14,,6.35,,,,5.8,
09/30/1971,7.68,,5.57,,5.13,,6.13,,,,5.81,
10/31/1971,7.56,,5.03,,5.14,,5.7,,,,5.75,
11/30/1971,7.46,,5.08,,5.12,,5.58,,,,5.16,
12/31/1971,7.18,,4.88,,5.13,,5.18,,,,4.81,
01/31/1972,6.48,,4.87,,5.14,,5.18,,,,5.36,
02/29/1972,6.2,,4.81,,5.11,,5.17,,,,4.93,
03/31/1972,6.3,,5.61,,5.13,,5.15,,,,4.92,
04/30/1972,6.69,,5.16,,5.14,,5.21,,,,4.9,
05/31/1972,6.52,,4.98,,5.11,,5.23,,,,4.92,
06/30/1972,6.93,,5.48,,5.04,,5.05,,,,4.86,
07/31/1972,7.04,,5.31,,4.89,,4.65,,,,4.9,
08/31/1972,6.98,,5.63,,4.88,,4.65,,,,5.12,
09/30/1972,6.75,,5.93,,4.89,,4.6,,,,5.23,
10/31/1972,7.7,,5.88,,4.84,,4.67,,,,5.3,
11/30/1972,7.87,,5.7,,4.83,,4.69,,,,5.11,
12/31/1972,8.01,,5.96,,4.86,,4.68,,,,5.1,
01/31/1973,7.68,,6.37,,4.9,,4.62,,,,5.18,
02/28/1973,7.66,,6.77,,4.86,,4.63,,,,5.21,
03/31/1973,8.09,,6.99,,4.84,,4.9,,,,5.32,
04/30/1973,8.77,,6.83,,4.69,,5.44,,,,5.47,
05/31/1973,9.4,,6.98,,4.5,,5.56,,,,5.45,
06/30/1973,9.77,,7.16,,4.39,,6.04,,,,5.51,
07/31/1973,10.2,,8.21,,4.17,,6.06,,,,5.53,
08/31/1973,9.49,,7.88,,4.19,,6.06,,,,5.44,
09/30/1973,9.81,,7.04,,4.09,,8.07,,,,5.43,
10/31/1973,9.45,,6.79,,4.13,,8.07,,,,5.47,
11/30/1973,9.6,,6.8,,4.09,,8.1,,,,5.47,
12/31/1973,9.67,,6.87,,4.14,,8.05,,,,5.37,
01/31/1974,9.48,,6.86,,4.08,,8.06,,,,5.36,
02/28/1974,10.09,,6.87,,4.05,,8.07,,,,5.39,
03/31/1974,10.25,,8.03,,4.13,,8.06,,,,5.28,
04/30/1974,10.18,,8.44,,4.19,,8.11,,,,6.81,
05/31/1974,9.98,,8.21,,4.17,,8.6,,,,6.61,
06/30/1974,10.02,,8.4,,4.21,,10.8,,,,6.83,
07/31/1974,9.98,,8.68,,4.28,,11,,,,6.85,
08/31/1974,10.1,,9.05,,4.35,,11,,,,6.78,
09/30/1974,10.16,,8.11,,4.21,,11,,,,6.52,
10/31/1974,9.97,,7.89,,4.25,,9.48,,,,6.3,
11/30/1974,9.37,,7.32,,4.25,,9.18,,,,6.29,
12/31/1974,8.96,,7.3,,4.24,,8.62,,,,6.34,
01/31/1975,8.06,,6.78,,4.24,,8.3,,,,6.35,
02/28/1975,7.34,,6.27,,4.24,,8.47,,,,6.36,
03/31/1975,7.32,,6.7,,4.21,,8.44,,,,6.45,
04/30/1975,7.02,,7.66,,4.21,,8.44,,,,6.73,
05/31/1975,6.78,,6.89,,4.21,,8.46,,,,6.77,
06/30/1975,6.89,,7.18,,4.2,,8.49,,,,6.85,
07/31/1975,6.85,,7.7,,4.14,,8.54,,,,6.96,
08/31/1975,6.88,,7.8,,4.7,,8.54,,,,7.07,
09/30/1975,6.92,,8.24,,4.77,,8.5,,,,7.08,
10/31/1975,7.01,,7.06,,4.75,,8.44,,,,7.12,
11/30/1975,6.95,,7.32,,4.8,,8.49,,,,7.22,
12/31/1975,6.9,,6.74,,4.85,,8.4,,,,6.71,
01/31/1976,6.62,,6.38,,4.87,,8.46,,,,6.71,
02/29/1976,6.12,,6.74,,4.93,,8.5,,,,6.78,
03/31/1976,6.02,,6.67,,5.51,,8.5,,,,6.87,
04/30/1976,6.04,,6.63,,5.47,,8.47,,,,6.83,
05/31/1976,6.39,,7.3,,5.46,,8.47,,,,6.92,
06/30/1976,6.55,,7.02,,5.49,,8.47,,,,6.86,
07/31/1976,6.93,,6.74,,5.46,,8.48,,,,6.99,
08/31/1976,6.94,,6.5,,5.46,,8.48,,,,6.87,
09/30/1976,6.83,,6.33,,6.69,,8.54,,,,6.99,
10/31/1976,6.82,,6.03,,6.57,,8.56,,,,6.95,
11/30/1976,6.25,,5.42,,6.61,,9.39,,,,6.87,
12/31/1976,6.32,,5.34,,6.61,,9.89,,,,6.86,
01/31/1977,6.2,,6.18,,6.61,,9.91,,,,7,
02/28/1977,6.1,,6.08,,6.78,,9.89,,,,7.08,
03/31/1977,5.68,,6.01,,6.78,,9.91,,,,7.15,
04/30/1977,5.45,,6.14,,6.84,,9.91,,,,7.19,
05/31/1977,5.3,,6.18,,5.75,,9.9,,,,7.1,
06/30/1977,5.25,,6.08,,5.75,,9.88,,,,7.04,
07/31/1977,5.08,,6.5,,5.75,,9.86,,,,7.05,
08/31/1977,4.88,,6.59,,9.96,,9.86,,,,7.09,
09/30/1977,4.87,,6.82,,9.28,,9.74,,,,6.79,
10/31/1977,4.87,,7.23,,8.45,,9.42,,,,6.82,
11/30/1977,4.86,,7.11,,8.74,,9.27,,,,6.79,
12/31/1977,4.76,,7.22,,9.12,,9.26,,,,7.5,
01/31/1978,4.51,,7.47,,8.54,,8.99,,,,7.57,
02/28/1978,4.37,,7.57,,8.95,,8.83,,,,7.59,
03/31/1978,4.31,,7.7,,8.85,,8.83,,,,7.6,
04/30/1978,4.29,,7.97,,8.58,,8.83,,,,7.63,
05/31/1978,4.5,,8.12,,8.48,,8.82,,,,7.57,
06/30/1978,4.74,,8.48,,8.81,,8.83,,,,7.6,
07/31/1978,5.13,,8.47,,8.38,,8.83,,,,7.68,
08/31/1978,5.2,,8.46,,8.03,,8.79,,,,7.7,
09/30/1978,5.09,,8.7,,9.35,,8.79,,,,7.79,
10/31/1978,5.06,,9.49,,9.33,,8.69,,,,7.64,
11/30/1978,5.14,,9.55,,10.5,,8.66,,,,7.64,
12/31/1978,5.24,,9.98,,10.5,,8.67,,,,7.64,
01/31/1979,5.45,,9.64,,10.55,,8.72,,,12.72,7.7,
02/28/1979,5.73,,9.89,,10.55,,8.77,,,11.13,7.66,
03/31/1979,5.94,,9.72,,10.5,,9,,,10.4,7.64,
04/30/1979,6.7,,9.91,,11.32,,9.61,,,9.98,7.67,
05/31/1979,7.35,,9.56,,11.23,,9.7,,,10.81,7.59,
06/30/1979,7.46,,8.97,,10.5,,9.94,,,11.82,7.71,
07/31/1979,7.51,,9.31,,10.07,,9.94,,,12.06,7.77,
08/31/1979,7.46,,9.84,,10.85,,9.94,,,11.83,7.73,
09/30/1979,7.72,,10.1,,11.72,,9.95,,,11.86,7.88,
10/31/1979,8.26,,12.06,,11.84,,9.94,,,12.79,7.91,
11/30/1979,8.19,,11.33,,12.07,,9.96,,,14.33,7.85,
12/31/1979,8.22,,11.23,,12.07,,9.97,,,14.34,9.82,
01/31/1980,8.37,,11.75,,11.33,,10.38,,,14.34,9.92,
02/29/1980,9.09,,14.73,,12.38,,10.75,,,14.85,9.86,
03/31/1980,9.97,,14.63,,11.77,,11.2,,,14.62,9.93,
04/30/1980,9.31,,10.81,,12.54,,11.4,,,13.66,10.01,
05/31/1980,8.92,8.741,9.25,,12.12,,11.54,,,13.62,9.94,
06/30/1980,8.36,8.2,8.97,,11.82,,11.5,,,13.05,10.04,
07/31/1980,7.98,8.2,9.72,,11.5,,11.34,,,12.71,9.96,
08/31/1980,8.05,8.495,11.36,,11.54,,11.5,,,13.5,10.29,
09/30/1980,8.43,8.537,12.13,,11.54,,11.5,,,12.5,10.39,
10/31/1980,8.61,8.688,13.08,,11.54,,11.5,,,12.66,9.81,
11/30/1980,8.85,8.447,14.13,,11.71,,12.42,,,12.53,9.91,
12/31/1980,9.16,8.213,13.06,,12.19,,12.85,,,12.72,10.03,
01/31/1981,9.39,8.409,13.26,,12.19,,13.1,,,12.51,10.51,
02/28/1981,10.88,8.44,14.08,,11.8,,13.12,,,12.07,10.68,
03/31/1981,10.75,8.455,13.17,,11.18,,13.1,,,12.18,10.78,
04/30/1981,11.05,8.725,14.84,,11.84,,13.15,,,12.39,10.87,
05/31/1981,12.27,8.637,14.4,,11.92,,13.1,,,12.75,11.5,
06/30/1981,11.84,8.576,14.66,,11.92,,13.1,,,12.78,11.91,
07/31/1981,12.05,8.411,15.84,,11.48,,13.6,,,13.61,12.07,
08/31/1981,12.55,8.662,16.73,,11.48,,14.65,,,13.36,12.19,
09/30/1981,11.73,8.496,16.69,,11.48,,14.6,,,15.12,12.39,
10/31/1981,11.04,8.247,14.59,,12.04,,14.6,,,14.95,12.41,
11/30/1981,9.93,7.951,12.36,,12.04,,14.5,,,14.02,12.45,
12/31/1981,10.13,7.296,13.63,,12.04,,14.5,,,14.82,12.16,
01/31/1982,10.05,7.296,14.24,,11.1,,14.65,,,13.77,12.88,
02/28/1982,9.98,7.309,14.44,,11.1,,14.95,,,13.18,13.11,
03/31/1982,9.39,6.975,14.52,,11.1,,15.2,,,12.61,12.92,
04/30/1982,8.9,6.668,13.99,,11.1,,15.6,,,12.8,13.13,
05/31/1982,8.86,7.156,13.62,,11.1,,16.4,,,12.18,13.33,
06/30/1982,9.48,7.499,14.66,,11.1,16.4,16.4,,,12.26,13.41,
07/31/1982,9.33,7.914,13.17,,11.1,15.74,16.4,,,10.98,13.6,
08/31/1982,8.74,8.148,11.99,,11.1,13.64,16.6,,,10.19,13.77,
09/30/1982,8.39,8.176,11.23,,11.1,12.62,15.2,,,9.81,13.64,
10/31/1982,7.79,8.192,9.85,,11.1,11.38,14.4,,,8.9,14.23,
11/30/1982,7.77,7.901,9.96,,11.1,10.55,14.2,,,10.23,13.58,
12/31/1982,7.22,8.019,9.48,,11.1,10.03,14,,,10.14,13.21,
01/31/1983,6.73,7.128,9.58,,11.1,10.17,12.55,,,10.75,13.44,
02/28/1983,6.65,6.921,9.31,,11.1,10.02,13,,,10.3,13.4,
03/31/1983,6.21,7.109,9.87,,11.1,10.2,14.2,,,10.42,13.22,
04/30/1983,6.39,7.092,9.35,,11.1,9.92,12.6,,,9.99,13.27,
05/31/1983,7.08,7.128,10.02,,11.5,9.59,12.1,,,10.19,13.25,
06/30/1983,7.28,7.128,10.23,,13.07,9.82,13.7,,,10.13,13.08,
07/31/1983,7.38,7.039,11.03,,13.13,10.27,13.6,,,10.84,13.03,
08/31/1983,7.67,7.229,11.18,,9.5,10.74,14,,,10.88,13.05,
09/30/1983,7.63,7.141,10.53,,8.89,10.1,12.8,,,10.06,13.11,
10/31/1983,7.38,7.141,10.61,,8.06,9.88,11.9,,,10.05,12.89,
11/30/1983,7.51,6.815,10.67,,9.29,10.09,11,,,10.04,12.78,
12/31/1983,7.58,6.82,10.85,,10.22,10.33,11.5,,,10.03,12.82,
01/31/1984,7.39,6.82,10.58,,10.34,10.23,12.1,,,9.99,13,
02/29/1984,7,6.267,10.99,,9.08,10.81,12.35,,,9.83,12.59,
03/31/1984,6.92,6.267,11.6,,10.26,11.44,12.55,,,9.63,12.58,
04/30/1984,6.9,6.175,11.89,,9.86,11.71,12.45,,,9.92,12.58,
05/31/1984,7.24,6.155,13,,9.78,13.25,12.6,,,11.17,12.83,
06/30/1984,7.19,6.786,13.17,,10.88,13.08,12.2,,,11.09,12.62,
07/31/1984,7.32,6.952,12.57,,10.4,13.04,12.1,,,12.25,12.61,
08/31/1984,6.97,6.987,12.54,,14.28,12.6,11.15,,,11.21,12.61,
09/30/1984,6.75,6.72,12.07,,15.57,12.21,11.9,,,11.04,12.51,
10/31/1984,6.51,6.72,11.09,,15.98,11.55,12.15,,,10.73,12.55,
11/30/1984,6.23,6.72,10.5,,16.74,10.61,12.55,,,10.01,12.78,
12/31/1984,6.12,6.278,10.02,,17.31,10.18,12.85,,,10.59,12.62,
01/31/1985,6.4,5.875,9.9,,17.9,10.21,12.55,,,11.2,12.7,
02/28/1985,7.11,6.559,10.66,,18.2,11.69,13.25,,,11.66,12.76,
03/31/1985,6.88,6.553,10.43,,19,11.16,13.65,,,11.39,13.22,
04/30/1985,6.63,6.67,9.91,,19.15,10.7,13.65,,,11.1,13.23,
05/31/1985,6.28,6.457,8.92,,21.1,10.14,13.45,,,11.13,13.24,
06/30/1985,6.03,6.327,8.67,,18.9,10.01,13.45,,,11.1,13.09,
07/31/1985,5.73,6.367,9.01,,19.5,9.95,13.35,,,10.37,13.07,
08/31/1985,5.27,6.242,8.96,,21.5,9.81,14.4,,,10.33,13.05,
09/30/1985,5.28,6.377,8.88,,22,9.95,14.3,,,10.33,12.93,
10/31/1985,5.78,6.119,8.7,,22,9.4,15.05,,,10.38,12.83,
11/30/1985,5.52,6.1,8.46,,19.1,9.26,15.55,,,10.62,12.79,
12/31/1985,5.43,6.415,7.98,,18.25,8.98,15.65,,,11.08,13.47,
01/31/1986,5.27,5.997,7.99,,20.3,9.78,14.65,,,11.57,13.35,
02/28/1986,5.04,5.609,7.71,,21,9.71,14.15,,,10.61,13.6,
03/31/1986,4.85,5.609,6.92,,21,9.22,13.3,,,9.52,13.57,
04/30/1986,4.79,4.885,6.83,,18.3,8.78,12.65,,,8.59,13.48,
05/31/1986,5.12,4.885,7.36,,16.1,8.95,12.7,,,8.71,13.76,
06/30/1986,5.13,4.605,6.81,,16.6,8.69,12.8,,,9.06,13.82,
07/31/1986,4.99,4.698,6.57,,17,9,14.5,,,9.46,13.75,
08/31/1986,4.84,4.656,5.94,,16.7,8.96,15.1,,,9.24,13.77,
09/30/1986,4.91,4.676,6.38,,16.1,9.1,15.15,,,11.02,13.63,
10/31/1986,5.05,4.736,6.26,,16.1,8.86,14.3,,,10.84,13.57,
11/30/1986,5.06,4.706,6.21,,17.8,8.61,14.25,,,10.94,13.95,
12/31/1986,5.06,4.714,6.35,,19.1,8.55,14.05,,,10.63,14.2,
01/31/1987,4.56,4.443,6.33,8.41,19.5,7.68,14.7,,11.55,10.09,14.27,
02/28/1987,4.49,3.937,6.35,8.77,20.1,7.81,15.05,,11.15,9.57,14.25,
03/31/1987,4.39,3.937,6.54,8.53,20,7.54,14.1,,10.62,8.96,14,
04/30/1987,4.29,3.937,7.38,8.56,19.6,9.01,13.85,,10.93,8.56,14.11,
05/31/1987,4.14,3.382,7.69,8.95,18.7,9.38,13.25,,11.2,8.54,13.99,
06/30/1987,4.22,3.382,7.48,9.37,18.3,9.04,13,,10.62,8.98,13.93,
07/31/1987,4.53,3.151,7.63,9.09,18.15,9.77,12.85,,11.04,9.5,14.05,
08/31/1987,4.78,3.441,7.97,9.52,17.7,9.9,12.6,,11.09,10.29,13.76,
09/30/1987,4.95,3.876,8.6,9.45,17.76,10.58,11.8,,11.07,9.94,13.31,
10/31/1987,4.93,3.945,7.58,9.71,18.7,9.38,13,,10.78,8.95,13.62,
11/30/1987,4.5,4.281,7.73,9.6,16.85,9.57,12.35,,10.8,8.55,13.78,
12/31/1987,4.41,4.359,7.77,9.62,16.33,9.62,11.45,,10.51,8.86,13.97,
01/31/1988,4.29,4.32,7.22,9.43,16.1,8.98,11.35,,10.78,8.9,13.94,3.218
02/29/1988,4.11,4.014,7.13,8.83,14.61,8.77,11.55,,10.36,9.01,13.95,2.99
03/31/1988,4.2,3.855,7.41,8.97,13.47,8.95,10.95,,10.51,8.49,13.88,3.263
04/30/1988,4.43,3.683,7.73,8.97,14.13,9.23,10.9,,11.12,8.65,13.9,3.25
05/31/1988,4.68,3.683,8.21,8.84,14.4,9.44,12.3,,10.8,8.65,13.08,3.602
06/30/1988,5.13,3.809,8.02,8.37,14.62,9.43,11.7,,10.78,9.54,12.87,3.707
07/31/1988,5.76,4.154,8.39,8.36,14.24,9.57,12.05,,11.03,9.74,12.9,4.195
08/31/1988,5.97,4.228,8.71,8.69,13.85,10.36,12.3,,11.19,10.44,13,3.959
09/30/1988,5.56,4.27,8.43,8.75,13.98,10.1,12.9,,11.18,9.88,13.02,3.798
10/31/1988,5.27,4.168,8.25,8.57,14.02,9.66,13.05,,11.07,10,12.67,4.157
11/30/1988,5.43,4.028,8.84,8.58,14.7,10.31,13.3,,11.18,11.01,12.69,4.29
12/31/1988,5.82,4.015,9.14,8.8,14.35,10.56,13.85,,11.06,10.87,12.26,4.425
01/31/1989,6.35,4.015,9.12,8.88,13.15,10.54,14.65,,10.51,10.4,11.23,5.14
02/28/1989,7.02,4.497,9.55,9.41,13.36,11.36,15.05,,11.17,10.9,10.86,5.522
03/31/1989,6.85,4.497,9.73,9.48,13.33,11.62,15.15,,11.53,10.9,10.89,5.473
04/30/1989,6.79,4.497,9.22,9.2,13.31,10.78,14.85,,11.6,11,10.94,5.845
05/31/1989,7.17,4.497,8.82,9.19,13.3,10.37,15.7,,11.38,11.64,10.77,6.476
06/30/1989,6.97,4.497,8.08,9.19,13.38,10.01,15.4,,11.59,11.51,10.89,6.019
07/31/1989,6.73,4.905,7.53,9.21,13.11,9.86,15.1,,11.41,10.81,10.78,5.618
08/31/1989,6.98,4.829,8.42,9.01,12.52,10.39,14.8,,11.42,11.05,10.76,6.145
09/30/1989,7.33,4.817,8.46,9.26,13,10.46,15.8,,11.5,11.87,10.67,6.648
10/31/1989,7.63,4.817,7.85,9.67,13.32,10.17,15.8,,11.84,11.59,10.75,6.571
11/30/1989,7.87,5.071,7.75,10.09,13.05,11.03,15,,13.04,12.08,11.3,6.45
12/31/1989,7.67,5.276,7.87,10.35,13.45,10.92,14.4,,13.44,11.89,11.21,6.736
01/31/1990,8.14,5.276,8.28,10.9,13.12,10.81,13.8,,13.94,12.46,11.06,7.649
02/28/1990,8.83,6.307,8.43,11.25,13.29,11.75,14.3,,14.85,12.87,10.92,7.785
03/31/1990,8.81,6.723,8.64,11.14,13,12.08,14.15,,15,13.39,11.13,7.734
04/30/1990,8.96,6.723,8.96,10.38,13.01,12.78,14.44,,14.35,13.72,11.18,7.831
05/31/1990,8.85,7.023,8.5,10.2,13.13,12.33,14.11,,13.8,12.69,11.01,6.923
06/30/1990,8.77,6.311,8.24,10.42,13.14,12.12,14.06,,13.51,12.23,10.98,6.988
07/31/1990,8.59,6.352,7.91,10.36,12.98,11.62,13.75,,13.41,12.1,10.79,6.931
08/31/1990,8.94,6.528,8.07,10.52,13.76,10.8,13.3,,14.2,11.84,10.67,7.38
09/30/1990,9.06,7.454,8.02,10.79,13.47,11.12,13.01,,14.45,12.03,10.7,7.071
10/31/1990,8.9,7.603,7.77,10.65,13.55,11.038,12.57,,14.55,11.01,10.69,6.983
11/30/1990,9.05,7.087,7.53,10.59,13.19,10.41,12.25,,14.42,10.7,10.64,7.363
12/31/1990,9.12,6.81,7.15,10.6613,12.51,10.5,11.84,,13.8,11.02,10.63,7.358
01/31/1991,9.11,6.665,7.05,10.6391,12.11,10.01,11.52,,12.37,10.8,10.59,6.952
02/28/1991,8.69,6.678,7.04,10.0179,11.85,9.5,11.1,,11.98,10.1,10.45,6.925
03/31/1991,8.8,6.502,7.02,9.6673,11.5,9.33,11.16,,12,9.99,10.38,6.702
04/30/1991,8.88,6.409,6.8,9.5188,10.5,9.39,10.69,,12.28,9.98,10,6.851
05/31/1991,8.73,6.476,6.68,9.373,9.45,9.23,10.24,,11.05,9.92,9.91,6.61
06/30/1991,8.92,6.489,6.9,9.6125,9.44,9.43,10.53,,11.21,10,9.98,6.753
07/31/1991,9.23,6.619,6.81,9.6915,9.46,9.37,10.26,,11.15,9.88,9.85,6.695
08/31/1991,9.04,6.436,6.36,9.7419,9.22,9.07,10.3,,11.02,9.68,9.76,6.775
09/30/1991,9.05,6.114,5.99,9.5083,8.2,8.52,9.61,,10.6,9.31,9.88,6.661
10/31/1991,9.08,5.762,5.7,9.3992,8.14,7.38,8.42,,10.85,9.41,9.91,7.26
11/30/1991,9.08,5.589,5.38,9.3979,7.95,7.38,8.22,,11.22,9.67,9.93,7.056
12/31/1991,9.09,5.156,4.77,9.6129,7.71,7.01,7.24,,11.5,9.81,9.92,6.578
01/31/1992,8.55,4.291,5.11,9.3528,7.74,7.33,8.37,,10.66,9.33,9.71,6.627
02/29/1992,8.57,4.291,5.27,9.4483,7.74,7.44,8.27,,10.85,9.2,9.73,6.697
03/31/1992,8.88,3.603,5.6,9.5756,7.61,7.99,8.31,,11.02,10.03,9.76,6.938
04/30/1992,8.95,3.813,5.46,9.585,7.59,7.7,7.39,,11.33,9.26,9.98,7.228
05/31/1992,8.93,3.997,5.19,9.4861,7.56,6.91,7.16,,11.13,8.97,9.87,7.522
06/30/1992,9.02,4.504,4.83,9.6123,7.16,6.33,6.37,,11.35,9.11,9.98,7.622
07/31/1992,9.19,4.294,4.42,9.78,6.45,5.46,5.66,,11.58,9.53,10.31,7.65
08/31/1992,9.17,3.801,4.15,10.0674,6.54,5.42,7.38,,12.83,9.86,10.66,7.292
09/30/1992,8.22,3.692,3.8,9.6497,7.1,6.93,7.18,,12.89,8.12,11.25,6.779
10/31/1992,7.51,3.688,4.4,9.0813,6.61,5.8,7.07,,11.7,6.73,10.29,5.821
11/30/1992,7.38,3.598,4.79,8.4343,6.65,7.39,7.12,,10.07,6.98,11.15,5.887
12/31/1992,7.27,3.448,4.56,8.8258,7.25,6.93,6.85,,9.33,6.77,9.8,5.529
01/31/1993,7.04,3.085,4.2,8.7468,7.46,6.82,6.49,,9.49,6.03,9.27,5.114
02/28/1993,6.46,2.853,3.92,8.6586,7.37,6.43,6.24,,8.64,5.74,8.29,4.785
03/31/1993,6.3,2.853,3.96,8.0613,7.22,6.41,5.96,,8.85,6.01,7.85,4.444
04/30/1993,6.47,2.824,3.83,7.4857,7.12,6.45,5.63,,8.37,6.52,7.09,4.267
05/31/1993,6.46,2.866,4.24,6.8868,6.81,6.38,5.87,,7.89,6.34,6.9,4.257
06/30/1993,6.35,3.015,4.03,6.4517,6.87,5.89,5.44,,7.41,6.04,6.22,4.364
07/31/1993,6.09,2.875,4.13,6.2797,6.13,5.36,5.3,,7.01,5.67,6.27,4.259
08/31/1993,5.83,2.775,3.88,5.89,5.73,5.5,5.2,,6.75,5.63,5.79,4.225
09/30/1993,5.75,2.658,3.89,5.9333,5.68,5.65,5.56,,6.96,5.75,5.95,4.111
10/31/1993,5.46,2.25,3.99,5.7852,5.41,4.97,5.14,,6.54,5.45,5.36,3.888
11/30/1993,5.21,2.212,4.22,5.5597,5.8,4.95,5.42,,6.55,5.33,5.19,3.767
12/31/1993,5.08,1.735,4.25,5.3897,5.36,4.59,5.33,,6.25,5.08,5.25,3.457
01/31/1994,5.08,1.874,4.12,5.2413,4.7,4.31,5.08,,6.52,5.18,4.97,3.543
02/28/1994,5.59,2.292,4.67,5.5336,5.3,5.05,5.78,,6.9,5.47,4.93,3.686
03/31/1994,5.57,2.52,5.21,5.9106,6.3,6.75,6.36,,7.44,6.23,5.61,3.948
04/30/1994,5.66,2.516,5.73,5.9367,6.84,7.17,6.52,,7.92,6.46,5.41,4.193
05/31/1994,5.7,2.399,6.01,5.8865,6.44,7.65,6.93,,8.24,6.8,6.01,3.978
06/30/1994,5.82,2.373,6.19,6.367,7.53,8.45,8.07,,9.04,7.04,6.5,4.343
07/31/1994,5.7,2.356,5.99,6.3997,7.65,8.12,7.84,,9.56,7.36,6.48,4.449
08/31/1994,5.99,2.386,6.17,6.7106,7.97,7.6,7.77,,9.21,7.46,7.06,4.776
09/30/1994,6.4,2.55,6.62,7.015,8.78,7.47,8.6,,10.08,7.88,7.88,4.843
10/31/1994,6.32,2.69,6.84,7.0413,8.75,7.63,9.04,,9.86,7.78,7.59,4.761
11/30/1994,6.3,2.739,7.4,6.9467,9.38,8.01,9.72,,9.8,7.63,7.06,4.723
12/31/1994,6.64,2.736,7.69,7.2152,9.46,8.67,10.06,,10.03,7.99,6.83,4.718
01/31/1995,6.37,2.548,7.26,7.381,9.3,8.76,10.14,,9.99,7.86,6.77,4.64
02/28/1995,6.27,2.643,6.79,7.1861,8.97,7.56,9.1,,9.64,7.89,6.33,4.595
03/31/1995,5.63,2.605,6.8,7.5097,8.62,7.87,8.99,,10.37,7.73,6.34,4.2
04/30/1995,5.44,2.099,6.6,7.158,8.39,7.63,8.82,,10.15,7.77,6.05,3.955
05/31/1995,5,1.702,5.89,6.7658,8.38,7.04,7.76,,9.68,7.14,6.06,3.815
06/30/1995,5.37,1.449,5.79,6.6217,8.41,7,7.91,,10.36,7.52,6.21,3.682
07/31/1995,5.18,1.17,5.88,6.4184,7.94,7.39,8.17,,9.87,7.2,6.1,3.46
08/31/1995,4.92,1.043,5.85,6.1235,8.33,7.05,7.76,,9.72,6.91,5.77,3.461
09/30/1995,4.67,1.211,5.83,6.0577,8.33,6.89,7.55,,9.08,6.82,5.75,2.945
10/31/1995,4.54,0.754,5.61,6.2884,7.4,6.47,7.85,,8.79,6.73,5.6,2.758
11/30/1995,4.18,0.568,5.36,5.7163,7.54,6.06,7.28,,8.69,6.26,5.33,2.259
12/31/1995,4.02,0.554,5.18,5.3929,8.03,5.85,7.34,,8.18,6.18,5.3,2.278
01/31/1996,3.579,0.953,4.93,4.8403,7.77,5.41,7.29,,7.45,6.15,5.41,2.242
02/29/1996,3.962,1.405,5.44,4.7979,8.27,5.73,7.9,,7.53,6.49,5.26,2.378
03/31/1996,3.935,1.046,5.79,4.8629,8.6,6.1,8.23,,7.25,6.75,4.91,2.223
04/30/1996,3.722,1.354,6.03,4.656,9.09,6.09,8.03,,6.91,6.64,4.85,2.17
05/31/1996,3.891,1.174,6.27,4.5229,9.07,6.09,8.18,,6.87,6.69,5.13,2.91
06/30/1996,4.15,1.154,6.11,4.66,9.2,6.21,8.1,,6.53,6.38,5.39,2.761
07/31/1996,3.983,1.295,6.22,4.5548,8.46,6.01,7.25,,6.66,6.35,5.56,2.73
08/31/1996,3.806,0.866,6.34,4.45,8.1,5.53,7,,6.33,6.27,5.71,2.503
09/30/1996,3.621,0.875,6.1,4.206,8.06,5,6.82,,5.8,6.33,5.57,2.201
10/31/1996,3.614,0.633,5.77,3.8165,7,4.17,6.54,,5.46,6.64,5.4,1.997
11/30/1996,3.502,0.662,5.59,3.7853,6.87,3.62,6.48,,5.03,6.67,4.63,2.249
12/31/1996,3.502,0.726,5.88,3.5539,7.04,4.06,6.34,,4.55,6.8,4.54,2.049
01/31/1997,3.42,0.582,5.94,3.4152,7.09,4.36,6.13,,4.61,6.6,3.93,1.98
02/28/1997,3.511,0.513,6.09,3.6848,7.57,4.3,6.57,7.1002,4.57,6.55,3.86,1.726
03/31/1997,3.692,0.727,6.45,3.8858,7.83,4.95,6.77,7.3114,4.83,6.91,4.16,1.953
04/30/1997,3.584,0.87,6.29,3.8233,7.53,4.8,6.43,6.7926,4.92,6.76,4.15,1.862
05/31/1997,3.609,1.14,6.22,3.9325,7.19,4.49,5.76,6.7039,4.93,6.8,4.18,1.594
06/30/1997,3.418,0.867,6.08,3.8048,6.61,4.66,5.52,6.1918,4.71,6.92,4.28,1.653
07/31/1997,3.702,0.672,5.74,3.9663,6.94,4.42,5.26,6.1483,4.8,6.95,4.73,1.743
08/31/1997,3.96,0.647,5.97,4.097,7.21,4.22,5.13,6.2817,4.88,7.01,4.74,1.868
09/30/1997,4.09,0.556,5.8,4.2282,6.85,4.49,4.9,5.4828,4.78,6.82,4.47,2.002
10/31/1997,4.39,0.511,5.63,4.487,6.84,4.39,5.01,5.5833,5.08,6.77,4.76,2.24
11/30/1997,4.34,0.426,5.76,4.4574,6.86,4.74,5.37,5.2209,5.19,7,4.66,2.13
12/31/1997,4.089,0.622,5.66,4.3365,7.58,5.04,5.3,4.9913,5.05,6.7,4.73,1.883
01/31/1998,3.93,0.749,5.32,3.9215,7.36,4.99,5.15,4.9528,4.96,6.44,4.57,1.583
02/28/1998,3.94,0.641,5.55,4.0015,7.6,5.06,5.15,4.8244,4.9,6.63,4.55,1.369
03/31/1998,4.09,0.643,5.6,4.033,7.88,4.9,4.97,4.6589,4.92,6.5,4.54,1.758
04/30/1998,4.22,0.528,5.59,4.1101,7.74,4.99,5.08,4.66,4.91,6.34,4.81,1.981
05/31/1998,4.03,0.407,5.53,3.9936,7.29,5.08,4.75,4.5484,4.54,6.34,5.19,1.921
06/30/1998,4.02,0.583,5.49,3.9799,7.37,5.2,5.18,4.4791,4.285,6.88,5.35,2.216
07/31/1998,3.97,0.515,5.49,3.9614,6.75,5.28,5.09,4.3837,4.29,6.75,5.4,2.067
08/31/1998,3.54,0.467,4.91,3.7116,6.51,5.65,5.65,4.0959,4.34,6.16,6.57,1.756
09/30/1998,3.48,0.379,4.3,3.5988,5.63,4.7,4.57,3.7776,4.295,5.65,6.24,1.74
10/31/1998,3.38,0.324,4.12,3.477,5.23,4.55,4.32,3.583,4.03,5.34,6.05,1.484
11/30/1998,3.31,0.318,4.54,3.4319,4.97,4.8,4.56,3.4461,3.69,5.24,5.96,1.747
12/31/1998,3.141,0.802,4.54,3.2852,5.2,4.7,4.64,3.277,3.552,4.81,6.08,1.728
01/31/1999,2.89,0.732,4.58,3.0213,4.98,4.74,4.69,3.0213,3.305,4.67,5.03,1.568
02/28/1999,3.13,0.5,5.13,3.217,5.21,5.28,5.07,3.217,3.455,4.85,5.24,1.491
03/31/1999,2.94,0.387,4.99,3.0478,4.87,4.82,4.89,3.0478,3.15,4.69,4.94,1.554
04/30/1999,2.73,0.297,5.08,3.0054,4.76,4.75,4.9,3.0054,3.06,4.97,4.83,1.376
05/31/1999,2.84,0.241,5.42,2.9514,4.99,5.14,5.24,2.9508,3.47,5.03,5.19,1.41
06/30/1999,3.27,0.479,5.53,3.375,5.29,5.1,5.3,3.375,3.945,5.2,5.48,1.929
07/31/1999,3.46,0.493,5.63,3.6861,5.28,5.41,5.19,3.6861,4.335,5.6,5.69,2.092
08/31/1999,3.62,0.39,5.73,3.6982,6.34,5.58,5.38,3.6982,4.435,5.66,5.7,2.204
09/30/1999,3.73,0.313,5.63,3.924,6.08,5.39,5.34,3.924,4.57,6.01,5.73,2.527
10/31/1999,4.04,0.291,5.79,4.2307,6.36,5.75,5.89,4.2307,4.57,6.05,5.87,2.991
11/30/1999,4.1,0.405,6.01,4.2716,6.47,5.87,5.98,4.2714,4.55,6.21,5.83,2.834
12/31/1999,4.179,0.421,6.24,4.4583,6.62,5.91,6.26,4.4583,4.715,6.33,5.94,2.539
01/31/2000,4.48,0.421,6.61,4.6364,7,6.27,6.59,4.6363,5.28,6.48,6.11,2.829
02/29/2000,4.51,0.485,6.53,4.6982,7.03,5.99,6.34,4.6982,5.345,6.3,6.27,3.25
03/31/2000,4.48,0.609,6.5,4.7109,6.99,5.94,6.27,4.7109,5.015,6.27,6.47,3.637
04/30/2000,4.7,0.507,6.68,4.9192,6.97,6.14,6.33,4.9192,5.05,6.07,6.67,3.765
05/31/2000,5.02,0.417,6.69,5.3002,7.2,6.19,6.11,5.3002,5.015,6.14,6.66,3.879
06/30/2000,4.99,0.595,6.38,5.336,6.85,5.94,5.89,5.336,5.05,5.94,7.1,3.8
07/31/2000,5.16,0.504,6.3,5.4453,6.81,6,6.17,5.4453,5.04,5.97,7.19,3.943
08/31/2000,5.26,0.756,6.18,5.5237,6.81,5.82,6.41,5.5237,4.765,5.99,7.22,3.804
09/30/2000,5.1,0.746,5.98,5.3414,6.75,5.68,6.24,5.3414,4.695,5.79,7.22,3.615
10/31/2000,5.12,0.489,5.94,5.12581,6.6,5.8,6.09,5.3511,4.475,5.7,7.14,3.578
11/30/2000,4.9,0.478,5.61,4.86864,6.51,5.59,5.71,5.0691,4.555,5.39,6.7,3.614
12/31/2000,4.51,0.47,5.11,4.42891,6.14,5.26,5.27,4.6174,4.275,5.17,6.67,3.232
01/31/2001,4.39,0.356,4.62,4.39,5.68,4.88,4.81,4.51,4.108,5.1,6.55,3.162
02/28/2001,4.36,0.22,4.41,4.4,5.79,4.81,4.79,4.52,4.134,5.05,6.67,3.156
03/31/2001,4.2,0.16,4.18,4.19,5.74,4.76,4.7,4.3,3.968,4.88,6.89,2.996
04/30/2001,4.61,0.105,4.3,4.65,5.82,4.88,5.003,4.77,4.385,5.01,6.96,3.163
05/31/2001,4.41,0.06,4.22,4.43,6.08,4.93,5.225,4.52,4.55,5.18,7.19,3.175
06/30/2001,4.3,0.08,4.25,4.32,6.22,5.03,5.29,4.42,4.9,5.44,7.16,3.103
07/31/2001,4.15,0.11,3.79,4.15,6.08,4.63,5.452,4.26,4.575,5.11,7.04,3.045
08/31/2001,3.91,0.09,3.64,3.93,5.86,4.15,4.735,4.02,4.445,4.85,6.82,2.814
09/30/2001,3.5,0.09,2.86,3.51,5.17,3.66,4.31,3.63,4.025,4.52,6.34,2.426
10/31/2001,3.19,0.1,2.44,3.19,4.69,2.92,4.07,3.3,3.84,4.15,6.08,2.058
11/30/2001,3.43,0.14,2.84,3.41,4.62,3.18,4.52,3.52,4.06,4.32,6.04,2.376
12/31/2001,3.7,0.11,3.07,3.67,4.66,3.15,4.78,3.77,4.195,4.75,5.84,2.454
01/31/2002,4.02,0.1,3.16,3.94,4.65,3.32,5.13,4.04,4.71,4.7,6.33,2.575
02/28/2002,3.91,0.11,3.06,3.94,5.7,3.29,5.2,4.03,4.87,4.64,6.61,2.476
03/31/2002,4.3,0.05,3.72,4.33,6.31,4.49,5.72,4.44,5.085,5.02,6.59,2.592
04/30/2002,4.1,0.06,3.24,4.11,6.08,4.18,5.41,4.19,5.03,4.78,6.77,2.381
05/31/2002,4.27,0.06,3.22,4.29,6.06,4.14,5.87,4.36,5.15,4.86,7.17,2.192
06/30/2002,3.99,0.06,2.9,3.97,6.06,3.92,5.59,4.05,4.94,4.69,6.93,2.072
07/31/2002,3.7,0.05,2.23,3.64,5.61,3.32,5.31,3.71,4.61,4.15,6.85,1.56
08/31/2002,3.49,0.02,2.14,3.51,5.71,3.48,5.2,3.58,4.59,4.03,6.55,1.384
09/30/2002,3.16,0.04,1.72,3.06,5.58,3.34,4.9,3.12,4.22,3.68,6.27,1.275
10/31/2002,3.2,0.04,1.68,3.14,5.76,3.27,4.85,3.21,4.16,3.82,6.15,1.072
11/30/2002,3.16,0.07,2.08,3.14,5.81,3.43,4.94,3.21,4.13,4.15,6.03,1.224
12/31/2002,2.73,0.07,1.61,2.75,5.72,3.09,4.51,2.82,3.71,3.78,5.36,0.786
01/31/2003,2.63,0.05,1.72,2.59,5.48,3.53,4.58,2.68,3.65,3.67,5.14,0.827
02/28/2003,2.42,0.06,1.53,2.36,5.29,3.48,4.34,2.43,3.42,3.33,4.89,0.673
03/31/2003,2.48,0.06,1.51,2.48,5.39,3.76,4.59,2.53,3.55,3.49,5.04,0.781
04/30/2003,2.56,0.05,1.51,2.47,5.19,3.65,4.63,2.53,3.52,3.5,4.72,0.823
05/31/2003,2.16,0.04,1.33,2.19,4.88,3.18,4.47,2.24,3.09,3.35,4.14,0.598
06/30/2003,2.21,0.08,1.32,2.14,4.89,3.01,4.44,2.17,2.95,3.38,3.54,0.664
07/31/2003,2.41,0.07,1.8,2.44,4.99,2.95,4.74,2.5,3.15,3.68,3.57,0.721
08/31/2003,2.7,0.19,1.95,2.66,5.27,3.09,5,2.72,3.47,4.05,3.51,0.862
09/30/2003,2.37,0.18,1.5,2.27,5.2,2.96,5.04,2.33,3.11,3.95,3.29,0.729
10/31/2003,2.77,0.13,1.85,2.72,5.72,3.16,5.47,2.77,3.55,4.53,3.42,0.948
11/30/2003,2.85,0.13,2.06,2.87,5.86,3.19,5.8,2.92,3.59,4.54,3.43,1.081
12/31/2003,2.61,0.1,1.84,2.6,5.61,2.96,5.39,2.66,3.25,4.28,2.79,0.938
01/31/2004,2.56,0.07,1.84,2.57,5.68,2.6,5.55,2.62,3.11,4.43,2.76,0.852
02/29/2004,2.3,0.04,1.66,2.29,5.51,2.37,5.39,2.34,2.87,4.37,2.16,0.71
03/31/2004,2.19,0.12,1.6,2.19,5.34,2.43,5.2,2.23,2.53,4.51,2.45,0.74
04/30/2004,2.56,0.14,2.31,2.52,5.72,2.7,5.56,2.55,2.9,4.72,2.87,1.132
05/31/2004,2.68,0.14,2.54,2.7,5.87,3.09,5.35,2.73,2.94,5.05,2.83,1.226
06/30/2004,2.79,0.18,2.7,2.74,6.05,3.22,5.43,2.78,3.05,4.99,2.89,1.506
07/31/2004,2.7,0.21,2.68,2.66,6.12,3.17,5.48,2.7,2.97,5.07,2.67,1.415
08/31/2004,2.53,0.15,2.41,2.48,6.17,2.94,5.31,2.52,2.92,4.83,2.54,1.182
09/30/2004,2.61,0.13,2.63,2.58,6.26,3.29,5.22,2.64,2.96,4.7,2.54,1.314
10/31/2004,2.52,0.12,2.56,2.45,6.05,3.24,5.15,2.5,2.82,4.59,2.37,1.141
11/30/2004,2.41,0.07,3.02,2.38,6.06,3.01,4.96,2.41,2.64,4.44,2.28,1.245
12/31/2004,2.49,0.11,3.08,2.48,6.18,2.99,5.09,2.52,2.56,4.46,2.49,1.137
01/31/2005,2.44,0.1,3.29,2.4,6.33,2.9,5.31,2.43,2.41,4.53,2.38,1.079
02/28/2005,2.57,0.13,3.59,2.5,6.33,2.94,5.61,2.54,2.45,4.79,2.56,1.124
03/31/2005,2.55,0.11,3.8,2.48,6.36,3.27,5.65,2.52,2.45,4.71,2.65,1.14
04/30/2005,2.27,0.09,3.66,2.25,6.17,3.08,5.3,2.3,2.22,4.54,2.63,0.952
05/31/2005,2.21,0.08,3.6,2.16,6.04,2.91,5.24,2.2,2.11,4.27,2.59,0.948
06/30/2005,2.04,0.06,3.66,2.02,6.03,2.83,5.2,2.07,1.81,4.07,2.37,0.87
07/31/2005,2.27,0.11,4.02,2.23,5.89,3.04,5.19,2.29,1.97,4.2,2.59,0.948
08/31/2005,2.25,0.14,3.84,2.19,5.78,2.97,5.07,2.25,2.07,4.11,2.69,0.997
09/30/2005,2.39,0.24,4.18,2.37,6.05,3.35,5.35,2.43,2.2,4.22,2.74,1.12
10/31/2005,2.61,0.29,4.4,2.63,6.33,3.64,5.41,2.68,2.31,4.34,3.09,1.399
11/30/2005,2.78,0.23,4.42,2.79,6.63,3.77,5.34,2.85,2.52,4.33,3.15,1.657
12/31/2005,2.86,0.29,4.41,2.85,6.25,3.85,5.28,2.9,2.69,4.22,3.07,1.548
01/31/2006,2.97,0.31,4.54,2.95,5.89,3.86,5.32,3.01,2.76,4.35,3.07,1.602
02/28/2006,3.05,0.49,4.69,3.04,6.06,3.95,5.32,3.09,2.63,4.37,3.07,1.689
03/31/2006,3.31,0.67,4.82,3.31,6.2,3.99,5.41,3.37,2.9,4.5,3.33,1.792
04/30/2006,3.44,0.66,4.87,3.42,6.32,4.13,5.7,3.49,3,4.69,3.36,1.936
05/31/2006,3.41,0.82,5.04,3.41,6.41,4.18,5.75,3.47,3.07,4.75,3.54,1.986
06/30/2006,3.61,0.83,5.16,3.61,6.51,4.4,5.89,3.66,3.3,4.84,3.68,2.156
07/31/2006,3.55,0.82,4.97,3.54,6.69,4.12,6.07,3.6,3.23,4.8,3.72,2.112
08/31/2006,3.54,0.63,4.79,3.55,6.69,3.97,5.83,3.6,3.32,4.9,3.73,2.093
09/30/2006,3.56,0.63,4.71,3.59,6.71,3.91,5.87,3.65,3.37,4.91,3.79,2.12
10/31/2006,3.71,0.72,4.71,3.68,6.64,3.97,6.11,3.73,3.43,5.06,3.9,2.178
11/30/2006,3.68,0.79,4.62,3.67,6.56,3.87,6.01,3.69,3.47,5.04,4.07,2.179
12/31/2006,3.89,0.78,4.82,3.9,6.72,4.02,6.22,3.91,3.73,5.23,4.32,2.405
01/31/2007,3.99,0.71,4.94,3.98,6.68,4.1,6.16,3.99,3.87,5.54,4.62,2.467
02/28/2007,3.89,0.81,4.65,3.89,6.77,3.97,6.05,3.92,3.63,5.38,4.6,2.373
03/31/2007,4.02,0.8,4.58,4.04,7.05,3.98,6.34,4.07,3.79,5.48,4.69,2.411
04/30/2007,4.17,0.85,4.6,4.15,7.28,4.13,6.09,4.18,3.99,5.59,4.83,2.498
05/31/2007,4.39,0.96,4.92,4.41,7.34,4.57,6.28,4.45,4.08,5.83,5.07,2.782
06/30/2007,4.48,1,4.87,4.51,7.47,4.58,6.42,4.53,4.28,5.83,5.32,2.905
07/31/2007,4.33,0.97,4.56,4.37,7.97,4.61,6.34,4.43,4.29,5.63,5.12,2.859
08/31/2007,4.07,0.89,4.15,4.09,7.31,4.35,6.27,4.19,4.11,5.39,4.77,2.495
09/30/2007,4.09,0.85,3.97,4.1,7.04,4.07,6.46,4.19,4.06,5.06,4.76,2.413
10/31/2007,4.07,0.77,3.94,4.13,7.28,4.17,6.83,4.2,4.15,5.14,4.86,2.536
11/30/2007,3.81,0.76,3.04,3.9,7.55,3.65,6.57,4.03,3.97,4.61,4.77,2.41
12/31/2007,4.05,0.7,3.05,4.07,7.48,3.74,6.85,4.16,4.13,4.4,4.63,2.58
01/31/2008,3.46,0.57,2.17,3.46,7.21,3.17,6.64,3.64,3.58,4.33,4.4,2.23
02/29/2008,3.21,0.57,1.65,3.21,7.39,2.77,6.68,3.51,3.71,4.15,4.69,2.25
03/31/2008,3.56,0.6,1.62,3.66,6.67,2.62,6.1,3.87,3.84,3.98,4.81,2.19
04/30/2008,3.83,0.83,2.29,3.85,7.03,2.73,6.39,4.09,3.97,4.45,5.03,2.45
05/31/2008,4.32,0.93,2.66,4.36,7.08,3.01,6.81,4.49,4.44,5.04,5.45,2.56
06/30/2008,4.62,0.81,2.63,4.72,6.97,3.24,6.85,4.93,4.73,5.22,5.74,2.75
07/31/2008,4.38,0.79,2.52,4.36,6.19,2.94,6.3,4.59,4.51,4.88,5.17,2.37
08/31/2008,4.14,0.72,2.26,4.2,6.1,2.71,5.76,4.47,4.39,4.59,5.3,2.28
09/30/2008,3.47,0.77,2,3.7,5.53,2.78,5.16,4.13,3.64,4.02,4.65,1.44
10/31/2008,2.5,0.59,1.56,2.8,5.7,2.01,4.29,3.61,2.66,3.16,3.75,1.4
11/30/2008,2.13,0.64,1,2.5,4.74,1.7,3.19,3.25,2.14,2.47,3.31,1.05
12/31/2008,1.83,0.4,0.76,2.2,4.17,1.09,2.74,2.97,1.44,1.52,2.52,0.61
01/31/2009,1.59,0.44,0.94,1.78,3.39,1.41,2.41,2.42,1.42,1.5,2.2,0.41
02/28/2009,1.37,0.42,1,1.53,3.5,1.15,2.78,2.27,1.06,1.39,2.19,0.44
03/31/2009,1.3,0.43,0.81,1.31,3.96,1.07,2.81,2.02,1.06,1.38,1.91,0.38
04/30/2009,1.42,0.4,0.91,1.62,3.43,0.98,3.18,1.96,1.18,1.33,2.01,0.36
05/31/2009,1.41,0.34,0.92,1.6,3.59,1.23,3.5,1.98,1.38,1.47,2.03,0.47
06/30/2009,1.41,0.29,1.11,1.51,3.82,1.2,3.96,1.88,1.35,1.79,2.03,0.5
07/31/2009,1.42,0.3,1.13,1.37,3.86,1.41,4.26,1.66,1.24,1.74,2.11,0.38
08/31/2009,1.38,0.24,0.97,1.46,4.05,1.28,4.73,1.7,1.36,1.41,2.58,0.38
09/30/2009,1.31,0.24,0.95,1.28,4.09,1.26,4.64,1.54,1.39,1.38,2.93,0.5
10/31/2009,1.41,0.27,0.9,1.33,4.35,1.38,4.92,1.61,1.28,1.45,2.74,0.6
11/30/2009,1.27,0.22,0.67,1.4,4.03,1.1,4.53,1.64,1.21,1.28,2.59,0.48
12/31/2009,1.33,0.15,1.14,1.39,4.3,1.47,4.62,1.7,1.2,1.47,2.54,0.46
01/31/2010,1.19,0.15,0.82,1.19,4.05,1.32,4.45,1.78,1.17,1.48,2.57,0.42
02/28/2010,0.93,0.16,0.81,0.91,3.7,1.28,4.52,1.51,1.24,1.21,2.33,0.29
03/31/2010,0.97,0.17,1.02,0.88,3.8,1.73,4.98,1.4,1.27,1.24,2.43,0.41
04/30/2010,0.83,0.16,0.97,0.92,3.83,1.9,4.94,1.72,1.16,1.27,2.39,0.41
05/31/2010,0.49,0.16,0.76,0.66,3.66,1.84,4.37,1.99,1.12,1.05,1.87,0.23
06/30/2010,0.52,0.14,0.61,0.81,3.69,1.39,4.47,2.03,1.33,0.9,2.14,0.29
07/31/2010,0.81,0.16,0.55,0.88,3.65,1.46,4.56,1.78,1.39,0.78,2.2,0.38
08/31/2010,0.58,0.12,0.47,0.66,3.94,1.21,4.3,1.79,1.27,0.64,1.96,0.33
09/30/2010,0.78,0.14,0.42,0.97,3.8,1.36,4.82,2,1.4,0.63,2.25,0.43
10/31/2010,1.03,0.14,0.34,1.16,4.05,1.41,4.81,1.99,1.41,0.68,2.12,0.46
11/30/2010,0.88,0.19,0.45,1.13,4.17,1.58,4.76,2.86,1.63,0.91,2.02,0.42
12/31/2010,0.87,0.18,0.66,1.04,4,1.67,5.17,2.82,2.03,1.1,2.31,0.47
01/31/2011,1.45,0.21,0.58,1.41,3.87,1.67,4.92,2.64,2.16,1.3,2.53,0.6
02/28/2011,1.48,0.25,0.78,1.76,3.55,1.84,4.98,2.71,2.38,1.39,2.52,0.61
03/31/2011,1.81,0.22,0.8,2.01,3.44,1.82,4.95,2.72,2.47,1.36,2.72,0.71
04/30/2011,1.87,0.2,0.68,1.99,3.35,1.7,4.96,2.91,2.5,1.2,2.51,0.75
05/31/2011,1.66,0.18,0.48,1.75,3.22,1.54,4.89,2.9,2.35,0.92,2.42,0.55
06/30/2011,1.61,0.17,0.45,1.71,3.23,1.59,4.79,3.08,2.19,0.81,2.48,0.31
07/31/2011,1.27,0.16,0.36,1.51,3.46,1.39,4.4,4.27,1.92,0.63,2.31,0.16
08/31/2011,0.68,0.15,0.2,1.06,3.04,1.08,3.83,3.47,1.37,0.6,1.97,0.06
09/30/2011,0.59,0.15,0.25,0.92,2.88,0.88,3.67,4.18,1.14,0.58,1.45,0.07
10/31/2011,0.59,0.15,0.25,1.2,2.8,1,3.94,5.08,1.29,0.52,1.91,0.01
11/30/2011,0.4,0.14,0.25,1.31,2.53,1.01,3.31,7.05,0.82,0.45,1.15,0.01
12/31/2011,0.14,0.14,0.25,0.88,2.46,0.95,3.13,4.83,0.81,0.33,1.37,0.01
01/31/2012,0.19,0.13,0.22,0.84,2.49,0.96,3.14,3.45,0.89,0.35,1.45,0.03
02/29/2012,0.22,0.12,0.3,0.6,3.05,1.1,3.71,2.36,1,0.41,1.54,0.027
03/31/2012,0.22,0.12,0.33,0.54,3.01,1.2,3.47,2.79,1.23,0.42,1.54,0.06
04/30/2012,0.09,0.12,0.27,0.47,2.68,1.34,2.88,3.14,1.15,0.45,1.49,0.004
05/31/2012,0.01,0.09,0.27,0.41,2.24,1.06,2.14,4.32,0.78,0.22,1.37,-0.184
06/30/2012,0.12,0.11,0.33,0.53,2.45,1.03,2.46,3.87,0.99,0.28,1.37,-0.283
07/31/2012,-0.08,0.1,0.23,0.13,2.56,1.08,2.71,4.08,0.94,0.08,1.34,-0.366
08/31/2012,-0.04,0.09,0.22,0.13,2.49,1.15,2.65,3,0.85,0.08,1.37,-0.418
09/30/2012,0.01,0.08,0.23,0.14,2.51,1.07,2.48,2.53,0.71,0.18,1.35,-0.115
10/31/2012,0.03,0.08,0.3,0.24,2.46,1.07,2.62,2.48,0.76,0.26,1.43,-0.146
11/30/2012,-0.02,0.09,0.25,0.13,2.45,1.07,2.69,2.07,0.72,0.3,1.46,-0.135
12/31/2012,-0.04,0.1,0.25,0.06,2.53,1.14,2.64,2.109,0.75,0.32,1.46,-0.111
01/31/2013,0.26,0.08,0.27,0.39,2.59,1.16,2.77,1.996,1.03,0.38,1.752,0.081
02/28/2013,0.02,0.05,0.25,0.2,2.64,0.96,2.67,2.431,1.035,0.24,1.498,0.016
03/31/2013,-0.07,0.05,0.25,0.12,2.43,1,2.83,2.158,1.006,0.2,1.258,-0.005
04/30/2013,-0.01,0.12,0.22,0.09,2.49,0.92,2.56,1.358,0.819,0.24,1.203,-0.075
05/31/2013,0.03,0.14,0.3,0.16,2.58,1.08,2.545,1.721,0.933,0.37,1.161,-0.008
06/30/2013,0.17,0.13,0.36,0.27,2.85,1.22,2.575,2.075,1.066,0.38,1.416,0.02
07/31/2013,0.15,0.11,0.31,0.2,2.82,1.15,2.38,1.894,1.05,0.3,1.451,0.009
08/31/2013,0.2,0.1,0.39,0.47,2.97,1.19,2.53,1.922,1.245,0.41,1.661,0.008
09/30/2013,0.13,0.1,0.33,0.4,3.01,1.19,2.57,1.9,1.137,0.43,1.668,0.047
10/31/2013,0.12,0.09,0.31,0.33,3.07,1.1,2.675,1.552,1.015,0.4,1.655,0.024
11/30/2013,0.11,0.08,0.28,0.27,3.07,1.1,2.74,1.155,0.87,0.58,1.495,-0.096
12/31/2013,0.24,0.099,0.38,0.31,3.07,1.13,2.663,1.207,1.1,0.566,1.431,-0.004
01/31/2014,0.08,0.088,0.34,0.19,3.07,0.95,2.493,0.923,0.96,0.515,1.36,-0.116
02/28/2014,0.11,0.073,0.33,0.29,3.07,1,2.522,0.788,0.914,0.493,1.449,-0.091
03/31/2014,0.14,0.091,0.44,0.26,3.07,1.07,2.848,0.845,0.788,0.716,1.459,-0.082
04/30/2014,0.15,0.089,0.42,0.26,3.07,1.06,2.763,0.816,0.641,0.697,1.464,-0.018
05/31/2014,0.04,0.09,0.37,0.15,3.07,1.05,2.643,0.755,0.54,0.674,1.49,-0.081
06/30/2014,0.01,0.075,0.47,0.09,3.07,1.1,2.534,0.631,0.457,0.881,1.45,0.005
07/31/2014,-0.01,0.073,0.53,0.09,3.07,1.1,2.617,0.566,0.286,0.842,1.411,0.006
08/31/2014,-0.04,0.073,0.48,0.09,3.07,1.1,2.544,0.414,0.178,0.839,1.487,-0.02
09/30/2014,-0.1,0.077,0.58,0.09,3.07,1.13,2.619,0.456,0.157,0.845,1.526,-0.077
10/31/2014,-0.04,0.021,0.5,0.09,3.07,1.02,2.552,0.656,-0.029,0.667,1.238,-0.076
11/30/2014,-0.03,0.01,0.47,0.09,3.07,0.95,2.424,0.497,-0.005,0.516,1.249,-0.077
12/31/2014,-0.1,-0.015,0.67,0.09,3.54,1.01,2.184,0.51,0.008,0.446,0.822,-0.305
01/31/2015,-0.16,0.02,0.47,-0.068,3.15,0.39,1.968,0.442,-0.108,0.358,0.648,-0.689
02/28/2015,-0.24,0.025,0.66,-0.122,3.19,0.47,1.854,0.221,-0.145,0.466,0.801,-0.859
03/31/2015,-0.24,0.039,0.56,-0.137,3.11,0.51,1.723,0.234,-0.3,0.418,0.852,-0.789
04/30/2015,-0.22,0.006,0.58,-0.152,3.14,0.68,1.943,0.17,-0.271,0.52,0.846,-0.803
05/31/2015,-0.23,0.001,0.61,-0.169,3.06,0.57,1.886,0.149,-0.277,0.505,0.737,-0.889
06/30/2015,-0.24,0.002,0.64,-0.15,2.81,0.49,2.045,0.479,-0.259,0.576,0.788,-0.954
07/31/2015,-0.26,0.01,0.67,-0.181,2.6,0.41,1.897,0.105,-0.385,0.642,0.695,-0.82
08/31/2015,-0.22,0.01,0.74,-0.14,2.53,0.44,1.795,0.188,-0.53,0.702,0.564,-0.726
09/30/2015,-0.26,0.017,0.64,-0.188,2.48,0.53,1.861,0.135,-0.484,0.596,0.529,-0.809
10/31/2015,-0.34,0.009,0.75,-0.275,2.53,0.57,1.753,0.038,-0.457,0.627,0.658,-0.845
11/30/2015,-0.42,-0.003,0.94,-0.318,2.57,0.63,2.047,0.04,-0.468,0.613,0.578,-1.095
12/31/2015,-0.35,-0.009,1.06,-0.312,2.65,0.48,2.03,0.034,-0.44,0.656,0.649,-0.841
01/31/2016,-0.48,-0.077,0.76,-0.395,2.42,0.42,1.887,0.001,-0.553,0.347,0.61,-0.962
02/29/2016,-0.56,-0.234,0.78,-0.434,2.24,0.51,1.787,-0.014,-0.598,0.415,0.51,-1.071
03/31/2016,-0.52,-0.205,0.73,-0.435,1.99,0.54,1.907,-0.003,-0.453,0.449,0.42,-0.859
04/30/2016,-0.5,-0.229,0.77,-0.414,2.09,0.68,1.896,-0.022,-0.399,0.529,0.57,-0.835
05/31/2016,-0.53,-0.236,0.87,-0.427,2.09,0.61,1.69,-0.063,-0.413,0.485,0.599,-0.802
06/30/2016,-0.66,-0.295,0.58,-0.526,2,0.52,1.615,-0.033,-0.628,0.234,0.516,-1.003
07/31/2016,-0.64,-0.247,0.67,-0.512,1.83,0.54,1.515,-0.036,-0.673,0.141,0.508,-0.91
08/31/2016,-0.64,-0.193,0.8,-0.456,1.82,0.58,1.446,-0.076,-0.629,0.154,0.53,-0.911
09/30/2016,-0.72,-0.277,0.77,-0.64,1.9,0.52,1.596,-0.086,-0.675,0.131,0.525,-1.034
10/31/2016,-0.63,-0.238,0.86,-0.573,1.97,0.55,1.65,0.041,-0.745,0.285,0.565,-1.01
11/30/2016,-0.8,-0.159,1.11,-0.644,2.13,0.7,1.852,0.231,-0.71,0.112,0.598,-1.036
12/31/2016,-0.8,-0.179,1.2,-0.674,2.27,0.74,1.917,-0.15,-0.634,0.07,0.755,-1.023
01/31/2017,-0.7,-0.201,1.19,-0.464,2.32,0.77,1.791,0.056,-0.534,0.163,0.713,-0.909
02/28/2017,-0.92,-0.269,1.22,-0.533,2.18,0.74,1.804,0.095,-0.667,0.112,0.623,-0.97
03/31/2017,-0.74,-0.19,1.27,-0.392,2.16,0.75,1.783,0.018,-0.597,0.103,0.62,-0.887
04/30/2017,-0.74,-0.208,1.28,-0.533,2.08,0.72,1.659,-0.018,-0.65,0.087,0.669,-0.879
05/31/2017,-0.74,-0.159,1.28,-0.557,1.92,0.69,1.556,-0.089,-0.715,0.087,0.6,-0.916
06/30/2017,-0.6,-0.114,1.38,-0.484,2.07,1.09,1.74,-0.071,-0.651,0.364,0.631,-0.783
07/31/2017,-0.68,-0.113,1.34,-0.548,2.12,1.31,1.806,-0.159,-0.696,0.246,0.632,-0.762
08/31/2017,-0.74,-0.16,1.33,-0.577,2.03,1.27,1.886,-0.089,-0.683,0.171,0.604,-0.811
09/30/2017,-0.73,-0.114,1.47,-0.585,2.06,1.52,1.962,-0.15,-0.686,0.446,0.556,-0.818
10/31/2017,-0.77,-0.16,1.6,-0.581,1.99,1.405,1.83,-0.211,-0.765,0.447,0.538,-0.857
11/30/2017,-0.71,-0.16,1.78,-0.521,1.94,1.436,1.752,-0.313,-0.866,0.543,0.502,-0.882
12/31/2017,-0.64,-0.136,1.89,-0.439,1.89,1.696,1.983,-0.197,-0.784,0.446,0.45,-0.754
01/31/2018,-0.54,-0.135,2.14,-0.37,1.95,1.831,2.041,-0.224,-0.305,0.612,0.579,-0.846
02/28/2018,-0.56,-0.156,2.25,-0.406,1.89,1.805,2.011,-0.09,-0.437,0.818,0.625,-0.884
03/31/2018,-0.6,-0.134,2.27,-0.467,1.87,1.776,2.026,-0.265,-0.469,0.821,1.22,-0.924
04/30/2018,-0.56,-0.135,2.49,-0.453,1.89,1.898,2.06,-0.167,-0.538,0.79,1.22,-0.744
05/31/2018,-0.65,-0.143,2.4,-0.458,1.86,1.934,1.992,0.868,-0.53,0.621,1.22,-0.817
06/30/2018,-0.65,-0.123,2.52,-0.569,1.82,1.912,1.991,0.694,-0.553,0.72,,-0.753
07/31/2018,-0.6,-0.113,2.67,-0.492,1.83,2.045,2.035,0.789,-0.482,0.779,,-0.74
08/31/2018,-0.61,-0.111,2.62,-0.549,1.64,2.07,1.962,1.493,-0.525,0.734,,-0.741
09/30/2018,-0.54,-0.112,2.81,-0.494,1.75,2.214,2.042,1.117,-0.445,0.822,,-0.712
10/31/2018,-0.65,-0.116,2.87,-0.434,1.78,2.338,1.989,1.343,-0.427,0.741,,-0.724
11/30/2018,-0.64,-0.125,2.8,-0.467,1.81,2.161,1.999,0.86,-0.453,0.771,,-0.789
12/31/2018,-0.65,-0.146,2.48,-0.453,1.7,1.916,1.953,0.591,-0.453,0.728,,-0.799
01/31/2019,-0.58,-0.167,2.45,-0.448,1.71,1.775,1.854,2.894,-0.423,0.755,,-0.763
02/28/2019,-0.55,-0.152,2.52,-0.441,1.68,1.78,1.713,0.391,-0.375,0.83,,-0.744
03/31/2019,-0.62,-0.173,2.27,-0.527,1.41,1.55,1.473,0.272,-0.51,0.632,,-0.784
04/30/2019,-0.6,-0.149,2.27,-0.551,1.44,1.564,1.343,0.509,-0.561,0.762,,-0.758
05/31/2019,-0.69,-0.173,1.95,-0.614,1.25,1.43,1.122,0.703,-0.564,0.603,,-0.794
06/30/2019,-0.75,-0.222,1.75,-0.674,1.17,1.474,0.989,0.28,-0.624,0.623,,-0.888
07/31/2019,-0.78,-0.205,1.89,-0.693,1.03,1.546,0.859,-0.016,-0.624,0.428,,-0.981
08/31/2019,-0.92,-0.304,1.5,-0.85,0.8,1.353,0.737,-0.166,-0.652,0.402,,-1.099
09/30/2019,-0.8,-0.322,1.63,-0.695,0.81,1.58,0.738,-0.189,-0.632,0.368,,-0.891
10/31/2019,-0.69,-0.231,1.52,-0.633,0.84,1.516,0.85,-0.1,-0.424,0.51,,-0.77
11/30/2019,-0.66,-0.172,1.61,-0.616,0.95,1.586,0.716,0.03,-0.315,0.541,,-0.812
12/31/2019,-0.63,-0.127,1.58,-0.609,1.12,1.699,0.932,-0.02,-0.32,0.536,,-0.729
01/31/2020,-0.68,-0.152,1.33,-0.616,1,1.433,0.659,-0.192,-0.351,0.511,,-0.741
02/29/2020,-0.77,-0.253,0.86,-0.676,0.83,1.153,0.382,-0.02,-0.509,0.312,,-0.819
03/31/2020,-0.7,-0.147,0.23,-0.606,0.25,0.42,0.231,0.391,-0.432,0.124,,-0.579
04/30/2020,-0.71,-0.167,0.2,-0.654,0.14,0.306,0.225,0.525,-0.365,0.014,,-0.649
05/31/2020,-0.63,-0.166,0.16,-0.529,0.11,0.307,0.27,0.403,-0.297,-0.054,,-0.678
06/30/2020,-0.7,-0.143,0.16,-0.604,0.23,0.286,0.272,0.088,-0.354,-0.082,,-0.657
07/31/2020,-0.75,-0.138,0.11,-0.629,0.25,0.27,0.277,-0.007,-0.3,-0.072,,-0.788
08/31/2020,-0.67,-0.113,0.14,-0.587,0.19,0.276,0.27,-0.063,-0.352,-0.064,,-0.8
09/30/2020,-0.73,-0.136,0.13,-0.641,0.18,0.248,0.184,-0.211,-0.36,-0.014,,-0.792
10/31/2020,-0.82,-0.122,0.14,-0.708,0.18,0.278,0.12,-0.341,-0.411,-0.03,,-0.752
11/30/2020,-0.77,-0.123,0.16,-0.709,0.22,0.263,0.099,-0.446,-0.3815,-0.018,,-0.738
12/31/2020,-0.75,-0.122,0.13,-0.743,0.26,0.203,0.074,-0.466,-0.382,-0.155,,-0.779
01/31/2021,-0.75,-0.123,0.11,-0.693,0.2,0.158,0.105,-0.361,-0.373,-0.117,,-0.782
02/28/2021,-0.67,-0.125,0.14,-0.615,0.47,0.304,0.11,-0.306,-0.26,0.111,,-0.68
03/31/2021,-0.71,-0.123,0.16,-0.656,0.27,0.228,0.089,-0.381,-0.287,0.105,,-0.78
04/30/2021,-0.7,-0.124,0.16,-0.639,0.26,0.301,0.09,-0.328,-0.3284,0.0725,,-0.776
05/31/2021,-0.69,-0.128,0.14,-0.636,0.31,0.331,0.069,-0.32,-0.3252,0.054,,-0.739
06/30/2021,-0.69,-0.112,0.25,-0.634,0.5,0.453,0.072,-0.355,-0.3261,0.059,,-0.751
07/31/2021,-0.8,-0.124,0.19,-0.715,0.71,0.449,0.029,-0.441,-0.3292,0.0515,,-0.76
08/31/2021,-0.77,-0.132,0.2,-0.675,0.91,0.436,0.024,-0.467,-0.3234,0.158,,-0.734
09/30/2021,-0.73,-0.124,0.28,-0.667,0.93,0.527,0.045,-0.45,-0.2858,0.411,,-0.76
10/31/2021,-0.64,-0.101,0.48,-0.586,,1.099,0.57,-0.311,-0.0857,0.712,,-0.668
11/30/2021,-0.82,-0.125,0.52,-0.724,,0.984,0.349,-0.301,-0.2932,0.479,,-0.758
12/31/2021,-0.68,-0.089,0.73,-0.609,,0.95,0.373,-0.074,-0.1909,0.679,,-0.698
01/31/2022,,-0.068,1.18,-0.545,,1.27,0.944,-0.131,-0.1399,0.921,,-0.72
